
SET SQL_MODE = "NO_AUTO_VALUE_ON_ZERO";
START TRANSACTION;
SET time_zone = "+00:00";


/*!40101 SET @OLD_CHARACTER_SET_CLIENT=@@CHARACTER_SET_CLIENT */;
/*!40101 SET @OLD_CHARACTER_SET_RESULTS=@@CHARACTER_SET_RESULTS */;
/*!40101 SET @OLD_COLLATION_CONNECTION=@@COLLATION_CONNECTION */;
/*!40101 SET NAMES utf8mb4 */;

--
-- Cơ sở dữ liệu: `jewels_shop`
--

-- --------------------------------------------------------

--
-- Cấu trúc bảng cho bảng `bill`
--

CREATE TABLE `bill` (
  `id` bigint(20) NOT NULL,
  `email` varchar(255) COLLATE utf8_unicode_ci NOT NULL,
  `phone` varchar(255) COLLATE utf8_unicode_ci NOT NULL,
  `display_name` varchar(255) CHARACTER SET utf8 COLLATE utf8_vietnamese_ci NOT NULL,
  `address` varchar(255) CHARACTER SET utf8mb4 COLLATE utf8mb4_vietnamese_ci NOT NULL,
  `total` double NOT NULL,
  `quanty` int(11) NOT NULL,
  `date` date NOT NULL DEFAULT current_timestamp(),
  `status` text COLLATE utf8_unicode_ci DEFAULT 'Chưa xác nhận'
) ENGINE=InnoDB DEFAULT CHARSET=utf8 COLLATE=utf8_unicode_ci;

--
-- Đang đổ dữ liệu cho bảng `bill`
--

INSERT INTO `bill` (`id`, `email`, `phone`, `display_name`, `address`, `total`, `quanty`, `date`, `status`) VALUES
(11, 'abc@gmail.com', '0816397011', 'abc', 'CG, LA', 520000, 2, '2021-10-25', 'Đã xác nhận'),
(12, 'luongsang010@gmail.com', '0816397011', 'van sang', 'TP HCM', 4050000, 5, '2021-10-25', 'Đã xác nhận'),
(13, 'luongsang010@gmail.com', '0816397011', 'van sang', 'CC.LLL', 250000, 1, '2021-10-25', 'sa'),
(14, 'luongsang010@gmail.com', '0816397011', 'van sang', 'TAT', 3120000, 4, '2021-11-01', 'null'),
(15, 'luongsang010@gmail.com', '0816397011', 'van sang', 'Kakak', 3800000, 4, '2021-11-01', 'null'),
(16, 'minhthu@gmail.com', '0816397012', 'Minh', '97 Man Thien, P. Hiep Phu, Q9, TP.HCM', 1850000, 4, '2021-11-07', 'null'),
(17, 'congphuong@gmail.com', '0816399711', 'Nguyen', 'Quan 5, TP Ho Chi Minh', 250000, 1, '2021-11-08', 'null'),
(18, 'luongsang010@gmail.com', '0816397011', 'van sang', 'QL50 Cáº§n Giuá»c, Long An', 1600000, 2, '2021-11-14', 'null'),
(19, 'luongsang010s@gmail.com', '0916397013', 'Lương Văn', '97 Man Thiện, P. Hiệp Phú, Q.9, Tp Thủ Đức', 500000, 2, '2021-11-19', 'Đã xác nhận'),
(20, 'luongsang010s@gmail.com', '0816397016', 'Lương Văn Sang', 'Q.5, TP HCM', 1800000, 2, '2021-11-21', 'Đã xác nhận'),
(21, 'luongsang010s@gmail.com', '0816397011', 'Lương Văn Sang', 'Campuchia', 250000, 1, '2021-11-21', 'Đã xác nhận'),
(22, 'luongsang010s@gmail.com', '0816397011', 'Lương Văn Sang', 'nullsac', 650000, 1, '2021-11-21', 'Đã xác nhận'),
(23, 'luongsang010s@gmail.com', '0816397011', 'Lương Văn Sang', 'Hà Nội', 1950000, 3, '2021-11-21', 'Đã xác nhận');

-- --------------------------------------------------------

--
-- Cấu trúc bảng cho bảng `billdetail`
--

CREATE TABLE `billdetail` (
  `id` bigint(20) NOT NULL,
  `id_product` bigint(20) NOT NULL,
  `id_bill` bigint(20) NOT NULL,
  `quanty` int(11) NOT NULL,
  `total` double NOT NULL
) ENGINE=InnoDB DEFAULT CHARSET=utf8 COLLATE=utf8_unicode_ci;

--
-- Đang đổ dữ liệu cho bảng `billdetail`
--

INSERT INTO `billdetail` (`id`, `id_product`, `id_bill`, `quanty`, `total`) VALUES
(12, 22, 11, 1, 270000),
(13, 8, 11, 1, 250000),
(14, 18, 12, 1, 250000),
(15, 20, 12, 3, 2850000),
(16, 30, 12, 1, 950000),
(17, 8, 13, 1, 250000),
(18, 2, 14, 1, 270000),
(19, 30, 14, 3, 2850000),
(20, 30, 15, 4, 3800000),
(21, 18, 16, 1, 250000),
(22, 6, 16, 2, 1300000),
(23, 43, 16, 1, 300000),
(24, 7, 17, 1, 250000),
(25, 52, 18, 2, 1600000),
(26, 7, 19, 2, 500000),
(27, 49, 20, 2, 1800000),
(28, 18, 21, 1, 250000),
(29, 6, 22, 1, 650000),
(30, 16, 23, 3, 1950000);

-- --------------------------------------------------------

--
-- Cấu trúc bảng cho bảng `categories`
--

CREATE TABLE `categories` (
  `id` int(11) NOT NULL,
  `name` varchar(255) COLLATE utf8_unicode_ci NOT NULL,
  `description` varchar(255) COLLATE utf8_unicode_ci DEFAULT NULL
) ENGINE=InnoDB DEFAULT CHARSET=utf8 COLLATE=utf8_unicode_ci;

--
-- Đang đổ dữ liệu cho bảng `categories`
--

INSERT INTO `categories` (`id`, `name`, `description`) VALUES
(1, 'NEW COLLECTIONS', ''),
(2, 'HÀNG BÁN CHẠY', NULL),
(4, 'NHẪN BẠC', 'NHẪN BẠC MIDI\nNHẪN CỠ LỚN\nNHẪN NGÓN ÚT\nNHẪN XOAY\nNHẪN ĐÁ\nNHẪN NAM'),
(5, 'BÔNG TAI BẠC', 'BÔNG BẠC XỎ LỖ\nBÔNG BẠC TREO\nKHUYÊN VÀNH TAI\nBÔNG BẠC JACKET\nBÔNG TAI LEO'),
(6, 'DÂY CHUYỀN BẠC', 'DÂY CHUYỀN BÁN KÈM DÂY\r\nMẶT DÂY BẠC (GIÁ CHƯA TÍNH DÂY)\r\nMẶT ĐÁ (GIÁ CHƯA TÍNH DÂY)'),
(7, 'LẮC BẠC', 'VÒNG BẠC\nLẮC TAY BẠC\nLẮC CHÂN BẠC\nCHARM BẠC'),
(8, 'PHỤ KIỆN RỜI', 'BỘ VỆ SINH\nDÂY CHUYỀN BÁN LẺ'),
(10, 'THIẾT KẾ RIÊNG', 'ĐẶT NHẪN BẠC\nĐẶT NHẪN BẠC ĐÔI\nĐẶT DÂY CHUYỀN\nĐẶT LẮC TAY\nTRANG SỨC VÀNG\nUỐN DÂY NGHỆ THUẬT');

-- --------------------------------------------------------

--
-- Cấu trúc bảng cho bảng `products`
--

CREATE TABLE `products` (
  `id` bigint(20) NOT NULL,
  `id_category` int(11) NOT NULL,
  `name` varchar(255) COLLATE utf8_unicode_ci NOT NULL,
  `price` double NOT NULL,
  `sale` int(3) NOT NULL,
  `title` varchar(10000) COLLATE utf8_unicode_ci NOT NULL,
  `highlight` tinyint(1) NOT NULL,
  `new_product` tinyint(1) NOT NULL,
  `detail` longtext COLLATE utf8_unicode_ci NOT NULL,
  `create_at` datetime NOT NULL,
  `update_at` datetime NOT NULL,
  `image` varchar(255) COLLATE utf8_unicode_ci NOT NULL
) ENGINE=InnoDB DEFAULT CHARSET=utf8 COLLATE=utf8_unicode_ci;

--
-- Đang đổ dữ liệu cho bảng `products`
--

INSERT INTO `products` (`id`, `id_category`, `name`, `price`, `sale`, `title`, `highlight`, `new_product`, `detail`, `create_at`, `update_at`, `image`) VALUES
(1, 4, 'R MIDI LINE HEART GONDEN BOY', 280000, 0, 'Nhẫn GONDEN BOY bạc cao cấp được thiết kế theo phong cách tối giản sẽ giúp bạn phù hợp với mọi loại phong cách.Một tí cách điệu cho bản thân thêm độc đáo . Tại sao nhẫn thì cứ phải đeo đốt dưới cùng của ngón tay mà tại sao bạn không thử một lần chuyển lên đốt t', 1, 0, 'Nhẫn bạc GONDEN BOY cao cấp 925 là một sản phẩm thời trang ý nghĩa mà bạn có thể làm quà tặng cho bạn bè, người thân hoặc cho chính bản thân mình\r\n \r\nNhững lý do mà bạn nên có một vài chiếc nhẫn bạc midi cao cấp 925:\r\nNhẫn bạc midi cao cấp là một trong những xu hướng thời trang độc đáo đang được ưa chuộng trên thế giới và cả Việt Nam. Một chiếc nhẫn midi cao cấp đeo trên đốt ngón tay sẽ tạo cho bạn trở nên cá tính hơn, hợp thời trang hơn và sành điệu hơn\r\nNhẫn midi khác với một chiếc nhẫn thông thường. Nhẫn midi là một bộ nhẫn có thiết kế giống nhau nhưng kích thước có chênh lệch nhau nhằm sử dụng được trên nhiều vị trí khác nhau trên các ngón tay. Tuy nhiên, nếu nhẫn được đeo ở đốt ngón tay thứ nhất (thay vì đeo ở đốt dưới cùng như các loại nhẫn thông thường) thì sẽ trở nên sinh động hơn, đặc biệt hơn. Vì thế, nhẫn midi với cách đeo khác lạ của mình sẽ tạo cho chủ nhân một phong cách mới mẻ hơn, “chất” hơn.\r\nNhẫn bạc midi cao cấp 925 thiết kế bằng bạc cao cấp, được làm một cách tỉ mỉ, công phu từ tay các thợ lành nghề cho nên nhẫn luôn đảm bảo được chất lượng của một chiếc nhẫn bạc ở độ sáng, độ bóng, độ đẹp. Đặc biệt sự am hiểu về nhẫn bạc midi của những người thợ khéo léo và tinh tế, sẽ tạo ra những chiếc nhẫn midi theo phong cách tối giản sang trọng chứ không phải tầm thường.\r\nNhẫn bạc midi cao cấp 925 thiết kế theo phong cách thời trang minimalism (phong cách tối giản nhưng cũng được xem là phong cách của giới siêu giàu), một phong cách luôn thịnh hành trong thời trang thế giới. Vì vậy, với chiếc nhẫn bạc cao cấp 925 bạn sẽ trở nên đơn giản nhưng không kém phần sang trọng và cuốn hút\r\nThêm một lý do đáng để bạn có chiếc nhẫn bạc midi cao cấp 925 nữa là theo phong thủy cũng như tâm linh thì đeo nhẫn bằng chất liệu trang sức bạc cao cấp đẹp nhất đồng nghĩa với việc bạn đang luôn mang trong người niềm hy vọng, niềm vui, đồng tâm nhất trí trong cuộc sống\r\n \r\n Một vài lý do thú vị trên có cho bạn ý nghĩ là phải nhanh chân tìm cho mình vài chiếc nhẫn bạc midi cao cấp 925 không?', '2021-10-12 00:00:00', '2021-10-12 00:00:00', 'nhan-bac-nam213.jpg'),
(2, 4, 'R MIDI CURVE BAR GEM', 270000, 0, 'Nhẫn midi bạc cao cấp được thiết kế theo phong cách tối giản sẽ giúp bạn phù hợp với mọi loại phong cách.Một tí cách điệu cho bản thân thêm độc đáo . Tại sao nhẫn thì cứ phải đeo đốt dưới cùng của ngón tay mà tại sao bạn không thử một lần chuyển lên đốt t', 1, 1, 'Nhẫn bạc midi cao cấp 925 là một sản phẩm thời trang ý nghĩa mà bạn có thể làm quà tặng cho bạn bè, người thân hoặc cho chính bản thân mình\r\n \r\nNhững lý do mà bạn nên có một vài chiếc nhẫn bạc midi cao cấp 925:\r\nNhẫn bạc midi cao cấp là một trong những xu hướng thời trang độc đáo đang được ưa chuộng trên thế giới và cả Việt Nam. Một chiếc nhẫn midi cao cấp đeo trên đốt ngón tay sẽ tạo cho bạn trở nên cá tính hơn, hợp thời trang hơn và sành điệu hơn\r\nNhẫn midi khác với một chiếc nhẫn thông thường. Nhẫn midi là một bộ nhẫn có thiết kế giống nhau nhưng kích thước có chênh lệch nhau nhằm sử dụng được trên nhiều vị trí khác nhau trên các ngón tay. Tuy nhiên, nếu nhẫn được đeo ở đốt ngón tay thứ nhất (thay vì đeo ở đốt dưới cùng như các loại nhẫn thông thường) thì sẽ trở nên sinh động hơn, đặc biệt hơn. Vì thế, nhẫn midi với cách đeo khác lạ của mình sẽ tạo cho chủ nhân một phong cách mới mẻ hơn, “chất” hơn.\r\nNhẫn bạc midi cao cấp 925 thiết kế bằng bạc cao cấp, được làm một cách tỉ mỉ, công phu từ tay các thợ lành nghề cho nên nhẫn luôn đảm bảo được chất lượng của một chiếc nhẫn bạc ở độ sáng, độ bóng, độ đẹp. Đặc biệt sự am hiểu về nhẫn bạc midi của những người thợ khéo léo và tinh tế, sẽ tạo ra những chiếc nhẫn midi theo phong cách tối giản sang trọng chứ không phải tầm thường.\r\nNhẫn bạc midi cao cấp 925 thiết kế theo phong cách thời trang minimalism (phong cách tối giản nhưng cũng được xem là phong cách của giới siêu giàu), một phong cách luôn thịnh hành trong thời trang thế giới. Vì vậy, với chiếc nhẫn bạc cao cấp 925 bạn sẽ trở nên đơn giản nhưng không kém phần sang trọng và cuốn hút\r\nThêm một lý do đáng để bạn có chiếc nhẫn bạc midi cao cấp 925 nữa là theo phong thủy cũng như tâm linh thì đeo nhẫn bằng chất liệu trang sức bạc cao cấp đẹp nhất đồng nghĩa với việc bạn đang luôn mang trong người niềm hy vọng, niềm vui, đồng tâm nhất trí trong cuộc sống\r\n \r\n Một vài lý do thú vị trên có cho bạn ý nghĩ là phải nhanh chân tìm cho mình vài chiếc nhẫn bạc midi cao cấp 925 không?', '2021-10-12 00:00:00', '2021-10-12 00:00:00', 'product_2.png'),
(3, 4, 'R MIDI LITTLE HEART GEM 1', 300000, 0, 'Nhẫn midi bạc cao cấp được thiết kế theo phong cách tối giản sẽ giúp bạn phù hợp với mọi loại phong cách.Một tí cách điệu cho bản thân thêm độc đáo . Tại sao nhẫn thì cứ phải đeo đốt dưới cùng của ngón tay mà tại sao bạn không thử một lần chuyển lên đốt t', 1, 0, 'Nhẫn bạc midi cao cấp 925 là một sản phẩm thời trang ý nghĩa mà bạn có thể làm quà tặng cho bạn bè, người thân hoặc cho chính bản thân mình\r\n \r\nNhững lý do mà bạn nên có một vài chiếc nhẫn bạc midi cao cấp 925:\r\nNhẫn bạc midi cao cấp là một trong những xu hướng thời trang độc đáo đang được ưa chuộng trên thế giới và cả Việt Nam. Một chiếc nhẫn midi cao cấp đeo trên đốt ngón tay sẽ tạo cho bạn trở nên cá tính hơn, hợp thời trang hơn và sành điệu hơn\r\nNhẫn midi khác với một chiếc nhẫn thông thường. Nhẫn midi là một bộ nhẫn có thiết kế giống nhau nhưng kích thước có chênh lệch nhau nhằm sử dụng được trên nhiều vị trí khác nhau trên các ngón tay. Tuy nhiên, nếu nhẫn được đeo ở đốt ngón tay thứ nhất (thay vì đeo ở đốt dưới cùng như các loại nhẫn thông thường) thì sẽ trở nên sinh động hơn, đặc biệt hơn. Vì thế, nhẫn midi với cách đeo khác lạ của mình sẽ tạo cho chủ nhân một phong cách mới mẻ hơn, “chất” hơn.\r\nNhẫn bạc midi cao cấp 925 thiết kế bằng bạc cao cấp, được làm một cách tỉ mỉ, công phu từ tay các thợ lành nghề cho nên nhẫn luôn đảm bảo được chất lượng của một chiếc nhẫn bạc ở độ sáng, độ bóng, độ đẹp. Đặc biệt sự am hiểu về nhẫn bạc midi của những người thợ khéo léo và tinh tế, sẽ tạo ra những chiếc nhẫn midi theo phong cách tối giản sang trọng chứ không phải tầm thường.\r\nNhẫn bạc midi cao cấp 925 thiết kế theo phong cách thời trang minimalism (phong cách tối giản nhưng cũng được xem là phong cách của giới siêu giàu), một phong cách luôn thịnh hành trong thời trang thế giới. Vì vậy, với chiếc nhẫn bạc cao cấp 925 bạn sẽ trở nên đơn giản nhưng không kém phần sang trọng và cuốn hút\r\nThêm một lý do đáng để bạn có chiếc nhẫn bạc midi cao cấp 925 nữa là theo phong thủy cũng như tâm linh thì đeo nhẫn bằng chất liệu trang sức bạc cao cấp đẹp nhất đồng nghĩa với việc bạn đang luôn mang trong người niềm hy vọng, niềm vui, đồng tâm nhất trí trong cuộc sống\r\n \r\n Một vài lý do thú vị trên có cho bạn ý nghĩ là phải nhanh chân tìm cho mình vài chiếc nhẫn bạc midi cao cấp 925 không?', '2021-10-12 00:00:00', '2021-10-12 00:00:00', 'product_3.png'),
(4, 4, 'R MIDI LITTLE HEART GEM 2', 250000, 0, 'Nhẫn midi bạc cao cấp được thiết kế theo phong cách tối giản sẽ giúp bạn phù hợp với mọi loại phong cách.Một tí cách điệu cho bản thân thêm độc đáo . Tại sao nhẫn thì cứ phải đeo đốt dưới cùng của ngón tay mà tại sao bạn không thử một lần chuyển lên đốt t', 1, 0, 'Nhẫn bạc midi cao cấp 925 là một sản phẩm thời trang ý nghĩa mà bạn có thể làm quà tặng cho bạn bè, người thân hoặc cho chính bản thân mình\r\n \r\nNhững lý do mà bạn nên có một vài chiếc nhẫn bạc midi cao cấp 925:\r\nNhẫn bạc midi cao cấp là một trong những xu hướng thời trang độc đáo đang được ưa chuộng trên thế giới và cả Việt Nam. Một chiếc nhẫn midi cao cấp đeo trên đốt ngón tay sẽ tạo cho bạn trở nên cá tính hơn, hợp thời trang hơn và sành điệu hơn\r\nNhẫn midi khác với một chiếc nhẫn thông thường. Nhẫn midi là một bộ nhẫn có thiết kế giống nhau nhưng kích thước có chênh lệch nhau nhằm sử dụng được trên nhiều vị trí khác nhau trên các ngón tay. Tuy nhiên, nếu nhẫn được đeo ở đốt ngón tay thứ nhất (thay vì đeo ở đốt dưới cùng như các loại nhẫn thông thường) thì sẽ trở nên sinh động hơn, đặc biệt hơn. Vì thế, nhẫn midi với cách đeo khác lạ của mình sẽ tạo cho chủ nhân một phong cách mới mẻ hơn, “chất” hơn.\r\nNhẫn bạc midi cao cấp 925 thiết kế bằng bạc cao cấp, được làm một cách tỉ mỉ, công phu từ tay các thợ lành nghề cho nên nhẫn luôn đảm bảo được chất lượng của một chiếc nhẫn bạc ở độ sáng, độ bóng, độ đẹp. Đặc biệt sự am hiểu về nhẫn bạc midi của những người thợ khéo léo và tinh tế, sẽ tạo ra những chiếc nhẫn midi theo phong cách tối giản sang trọng chứ không phải tầm thường.\r\nNhẫn bạc midi cao cấp 925 thiết kế theo phong cách thời trang minimalism (phong cách tối giản nhưng cũng được xem là phong cách của giới siêu giàu), một phong cách luôn thịnh hành trong thời trang thế giới. Vì vậy, với chiếc nhẫn bạc cao cấp 925 bạn sẽ trở nên đơn giản nhưng không kém phần sang trọng và cuốn hút\r\nThêm một lý do đáng để bạn có chiếc nhẫn bạc midi cao cấp 925 nữa là theo phong thủy cũng như tâm linh thì đeo nhẫn bằng chất liệu trang sức bạc cao cấp đẹp nhất đồng nghĩa với việc bạn đang luôn mang trong người niềm hy vọng, niềm vui, đồng tâm nhất trí trong cuộc sống\r\n \r\n Một vài lý do thú vị trên có cho bạn ý nghĩ là phải nhanh chân tìm cho mình vài chiếc nhẫn bạc midi cao cấp 925 không?', '2021-10-12 00:00:00', '2021-10-12 00:00:00', 'product_4.png'),
(5, 4, 'R MIDI DOUBLE BUTTEFLY', 450000, 0, 'Nhẫn midi bạc cao cấp được thiết kế theo phong cách tối giản sẽ giúp bạn phù hợp với mọi loại phong cách.Một tí cách điệu cho bản thân thêm độc đáo . Tại sao nhẫn thì cứ phải đeo đốt dưới cùng của ngón tay mà tại sao bạn không thử một lần chuyển lên đốt t', 1, 0, 'Nhẫn bạc midi cao cấp 925 là một sản phẩm thời trang ý nghĩa mà bạn có thể làm quà tặng cho bạn bè, người thân hoặc cho chính bản thân mình\r\n \r\nNhững lý do mà bạn nên có một vài chiếc nhẫn bạc midi cao cấp 925:\r\nNhẫn bạc midi cao cấp là một trong những xu hướng thời trang độc đáo đang được ưa chuộng trên thế giới và cả Việt Nam. Một chiếc nhẫn midi cao cấp đeo trên đốt ngón tay sẽ tạo cho bạn trở nên cá tính hơn, hợp thời trang hơn và sành điệu hơn\r\nNhẫn midi khác với một chiếc nhẫn thông thường. Nhẫn midi là một bộ nhẫn có thiết kế giống nhau nhưng kích thước có chênh lệch nhau nhằm sử dụng được trên nhiều vị trí khác nhau trên các ngón tay. Tuy nhiên, nếu nhẫn được đeo ở đốt ngón tay thứ nhất (thay vì đeo ở đốt dưới cùng như các loại nhẫn thông thường) thì sẽ trở nên sinh động hơn, đặc biệt hơn. Vì thế, nhẫn midi với cách đeo khác lạ của mình sẽ tạo cho chủ nhân một phong cách mới mẻ hơn, “chất” hơn.\r\nNhẫn bạc midi cao cấp 925 thiết kế bằng bạc cao cấp, được làm một cách tỉ mỉ, công phu từ tay các thợ lành nghề cho nên nhẫn luôn đảm bảo được chất lượng của một chiếc nhẫn bạc ở độ sáng, độ bóng, độ đẹp. Đặc biệt sự am hiểu về nhẫn bạc midi của những người thợ khéo léo và tinh tế, sẽ tạo ra những chiếc nhẫn midi theo phong cách tối giản sang trọng chứ không phải tầm thường.\r\nNhẫn bạc midi cao cấp 925 thiết kế theo phong cách thời trang minimalism (phong cách tối giản nhưng cũng được xem là phong cách của giới siêu giàu), một phong cách luôn thịnh hành trong thời trang thế giới. Vì vậy, với chiếc nhẫn bạc cao cấp 925 bạn sẽ trở nên đơn giản nhưng không kém phần sang trọng và cuốn hút\r\nThêm một lý do đáng để bạn có chiếc nhẫn bạc midi cao cấp 925 nữa là theo phong thủy cũng như tâm linh thì đeo nhẫn bằng chất liệu trang sức bạc cao cấp đẹp nhất đồng nghĩa với việc bạn đang luôn mang trong người niềm hy vọng, niềm vui, đồng tâm nhất trí trong cuộc sống\r\n \r\n Một vài lý do thú vị trên có cho bạn ý nghĩ là phải nhanh chân tìm cho mình vài chiếc nhẫn bạc midi cao cấp 925 không?', '2021-10-12 00:00:00', '2021-10-12 00:00:00', 'product_5.png'),
(6, 4, 'R MIDI OPEN LEAF', 650000, 0, 'Nhẫn midi bạc cao cấp được thiết kế theo phong cách tối giản sẽ giúp bạn phù hợp với mọi loại phong cách.Một tí cách điệu cho bản thân thêm độc đáo . Tại sao nhẫn thì cứ phải đeo đốt dưới cùng của ngón tay mà tại sao bạn không thử một lần chuyển lên đốt t', 1, 0, 'Nhẫn bạc midi cao cấp 925 là một sản phẩm thời trang ý nghĩa mà bạn có thể làm quà tặng cho bạn bè, người thân hoặc cho chính bản thân mình\r\n \r\nNhững lý do mà bạn nên có một vài chiếc nhẫn bạc midi cao cấp 925:\r\nNhẫn bạc midi cao cấp là một trong những xu hướng thời trang độc đáo đang được ưa chuộng trên thế giới và cả Việt Nam. Một chiếc nhẫn midi cao cấp đeo trên đốt ngón tay sẽ tạo cho bạn trở nên cá tính hơn, hợp thời trang hơn và sành điệu hơn\r\nNhẫn midi khác với một chiếc nhẫn thông thường. Nhẫn midi là một bộ nhẫn có thiết kế giống nhau nhưng kích thước có chênh lệch nhau nhằm sử dụng được trên nhiều vị trí khác nhau trên các ngón tay. Tuy nhiên, nếu nhẫn được đeo ở đốt ngón tay thứ nhất (thay vì đeo ở đốt dưới cùng như các loại nhẫn thông thường) thì sẽ trở nên sinh động hơn, đặc biệt hơn. Vì thế, nhẫn midi với cách đeo khác lạ của mình sẽ tạo cho chủ nhân một phong cách mới mẻ hơn, “chất” hơn.\r\nNhẫn bạc midi cao cấp 925 thiết kế bằng bạc cao cấp, được làm một cách tỉ mỉ, công phu từ tay các thợ lành nghề cho nên nhẫn luôn đảm bảo được chất lượng của một chiếc nhẫn bạc ở độ sáng, độ bóng, độ đẹp. Đặc biệt sự am hiểu về nhẫn bạc midi của những người thợ khéo léo và tinh tế, sẽ tạo ra những chiếc nhẫn midi theo phong cách tối giản sang trọng chứ không phải tầm thường.\r\nNhẫn bạc midi cao cấp 925 thiết kế theo phong cách thời trang minimalism (phong cách tối giản nhưng cũng được xem là phong cách của giới siêu giàu), một phong cách luôn thịnh hành trong thời trang thế giới. Vì vậy, với chiếc nhẫn bạc cao cấp 925 bạn sẽ trở nên đơn giản nhưng không kém phần sang trọng và cuốn hút\r\nThêm một lý do đáng để bạn có chiếc nhẫn bạc midi cao cấp 925 nữa là theo phong thủy cũng như tâm linh thì đeo nhẫn bằng chất liệu trang sức bạc cao cấp đẹp nhất đồng nghĩa với việc bạn đang luôn mang trong người niềm hy vọng, niềm vui, đồng tâm nhất trí trong cuộc sống\r\n \r\n Một vài lý do thú vị trên có cho bạn ý nghĩ là phải nhanh chân tìm cho mình vài chiếc nhẫn bạc midi cao cấp 925 không?', '2021-10-12 00:00:00', '2021-10-12 00:00:00', 'product_6.png'),
(7, 4, 'R MIDI BIG FLAT ROCK', 250000, 0, 'Nhẫn midi bạc cao cấp được thiết kế theo phong cách tối giản sẽ giúp bạn phù hợp với mọi loại phong cách.Một tí cách điệu cho bản thân thêm độc đáo . Tại sao nhẫn thì cứ phải đeo đốt dưới cùng của ngón tay mà tại sao bạn không thử một lần chuyển lên đốt t', 1, 0, 'Nhẫn bạc midi cao cấp 925 là một sản phẩm thời trang ý nghĩa mà bạn có thể làm quà tặng cho bạn bè, người thân hoặc cho chính bản thân mình\r\n \r\nNhững lý do mà bạn nên có một vài chiếc nhẫn bạc midi cao cấp 925:\r\nNhẫn bạc midi cao cấp là một trong những xu hướng thời trang độc đáo đang được ưa chuộng trên thế giới và cả Việt Nam. Một chiếc nhẫn midi cao cấp đeo trên đốt ngón tay sẽ tạo cho bạn trở nên cá tính hơn, hợp thời trang hơn và sành điệu hơn\r\nNhẫn midi khác với một chiếc nhẫn thông thường. Nhẫn midi là một bộ nhẫn có thiết kế giống nhau nhưng kích thước có chênh lệch nhau nhằm sử dụng được trên nhiều vị trí khác nhau trên các ngón tay. Tuy nhiên, nếu nhẫn được đeo ở đốt ngón tay thứ nhất (thay vì đeo ở đốt dưới cùng như các loại nhẫn thông thường) thì sẽ trở nên sinh động hơn, đặc biệt hơn. Vì thế, nhẫn midi với cách đeo khác lạ của mình sẽ tạo cho chủ nhân một phong cách mới mẻ hơn, “chất” hơn.\r\nNhẫn bạc midi cao cấp 925 thiết kế bằng bạc cao cấp, được làm một cách tỉ mỉ, công phu từ tay các thợ lành nghề cho nên nhẫn luôn đảm bảo được chất lượng của một chiếc nhẫn bạc ở độ sáng, độ bóng, độ đẹp. Đặc biệt sự am hiểu về nhẫn bạc midi của những người thợ khéo léo và tinh tế, sẽ tạo ra những chiếc nhẫn midi theo phong cách tối giản sang trọng chứ không phải tầm thường.\r\nNhẫn bạc midi cao cấp 925 thiết kế theo phong cách thời trang minimalism (phong cách tối giản nhưng cũng được xem là phong cách của giới siêu giàu), một phong cách luôn thịnh hành trong thời trang thế giới. Vì vậy, với chiếc nhẫn bạc cao cấp 925 bạn sẽ trở nên đơn giản nhưng không kém phần sang trọng và cuốn hút\r\nThêm một lý do đáng để bạn có chiếc nhẫn bạc midi cao cấp 925 nữa là theo phong thủy cũng như tâm linh thì đeo nhẫn bằng chất liệu trang sức bạc cao cấp đẹp nhất đồng nghĩa với việc bạn đang luôn mang trong người niềm hy vọng, niềm vui, đồng tâm nhất trí trong cuộc sống\r\n \r\n Một vài lý do thú vị trên có cho bạn ý nghĩ là phải nhanh chân tìm cho mình vài chiếc nhẫn bạc midi cao cấp 925 không?', '2021-10-12 00:00:00', '2021-10-12 00:00:00', 'product_7.png'),
(8, 4, 'R MIDI LIZZARD', 250000, 0, 'Nhẫn midi bạc cao cấp được thiết kế theo phong cách tối giản sẽ giúp bạn phù hợp với mọi loại phong cách.Một tí cách điệu cho bản thân thêm độc đáo . Tại sao nhẫn thì cứ phải đeo đốt dưới cùng của ngón tay mà tại sao bạn không thử một lần chuyển lên đốt t', 1, 0, 'Nhẫn bạc midi cao cấp 925 là một sản phẩm thời trang ý nghĩa mà bạn có thể làm quà tặng cho bạn bè, người thân hoặc cho chính bản thân mình\r\n \r\nNhững lý do mà bạn nên có một vài chiếc nhẫn bạc midi cao cấp 925:\r\nNhẫn bạc midi cao cấp là một trong những xu hướng thời trang độc đáo đang được ưa chuộng trên thế giới và cả Việt Nam. Một chiếc nhẫn midi cao cấp đeo trên đốt ngón tay sẽ tạo cho bạn trở nên cá tính hơn, hợp thời trang hơn và sành điệu hơn\r\nNhẫn midi khác với một chiếc nhẫn thông thường. Nhẫn midi là một bộ nhẫn có thiết kế giống nhau nhưng kích thước có chênh lệch nhau nhằm sử dụng được trên nhiều vị trí khác nhau trên các ngón tay. Tuy nhiên, nếu nhẫn được đeo ở đốt ngón tay thứ nhất (thay vì đeo ở đốt dưới cùng như các loại nhẫn thông thường) thì sẽ trở nên sinh động hơn, đặc biệt hơn. Vì thế, nhẫn midi với cách đeo khác lạ của mình sẽ tạo cho chủ nhân một phong cách mới mẻ hơn, “chất” hơn.\r\nNhẫn bạc midi cao cấp 925 thiết kế bằng bạc cao cấp, được làm một cách tỉ mỉ, công phu từ tay các thợ lành nghề cho nên nhẫn luôn đảm bảo được chất lượng của một chiếc nhẫn bạc ở độ sáng, độ bóng, độ đẹp. Đặc biệt sự am hiểu về nhẫn bạc midi của những người thợ khéo léo và tinh tế, sẽ tạo ra những chiếc nhẫn midi theo phong cách tối giản sang trọng chứ không phải tầm thường.\r\nNhẫn bạc midi cao cấp 925 thiết kế theo phong cách thời trang minimalism (phong cách tối giản nhưng cũng được xem là phong cách của giới siêu giàu), một phong cách luôn thịnh hành trong thời trang thế giới. Vì vậy, với chiếc nhẫn bạc cao cấp 925 bạn sẽ trở nên đơn giản nhưng không kém phần sang trọng và cuốn hút\r\nThêm một lý do đáng để bạn có chiếc nhẫn bạc midi cao cấp 925 nữa là theo phong thủy cũng như tâm linh thì đeo nhẫn bằng chất liệu trang sức bạc cao cấp đẹp nhất đồng nghĩa với việc bạn đang luôn mang trong người niềm hy vọng, niềm vui, đồng tâm nhất trí trong cuộc sống\r\n \r\n Một vài lý do thú vị trên có cho bạn ý nghĩ là phải nhanh chân tìm cho mình vài chiếc nhẫn bạc midi cao cấp 925 không?', '2021-10-12 00:00:00', '2021-10-12 00:00:00', 'product_8.png'),
(9, 4, 'TR FEATHER OXIDIZE', 900000, 0, 'Nhẫn midi bạc cao cấp được thiết kế theo phong cách tối giản sẽ giúp bạn phù hợp với mọi loại phong cách.Một tí cách điệu cho bản thân thêm độc đáo . Tại sao nhẫn thì cứ phải đeo đốt dưới cùng của ngón tay mà tại sao bạn không thử một lần chuyển lên đốt t', 1, 0, 'Nhẫn bạc midi cao cấp 925 là một sản phẩm thời trang ý nghĩa mà bạn có thể làm quà tặng cho bạn bè, người thân hoặc cho chính bản thân mình\r\n \r\nNhững lý do mà bạn nên có một vài chiếc nhẫn bạc midi cao cấp 925:\r\nNhẫn bạc midi cao cấp là một trong những xu hướng thời trang độc đáo đang được ưa chuộng trên thế giới và cả Việt Nam. Một chiếc nhẫn midi cao cấp đeo trên đốt ngón tay sẽ tạo cho bạn trở nên cá tính hơn, hợp thời trang hơn và sành điệu hơn\r\nNhẫn midi khác với một chiếc nhẫn thông thường. Nhẫn midi là một bộ nhẫn có thiết kế giống nhau nhưng kích thước có chênh lệch nhau nhằm sử dụng được trên nhiều vị trí khác nhau trên các ngón tay. Tuy nhiên, nếu nhẫn được đeo ở đốt ngón tay thứ nhất (thay vì đeo ở đốt dưới cùng như các loại nhẫn thông thường) thì sẽ trở nên sinh động hơn, đặc biệt hơn. Vì thế, nhẫn midi với cách đeo khác lạ của mình sẽ tạo cho chủ nhân một phong cách mới mẻ hơn, “chất” hơn.\r\nNhẫn bạc midi cao cấp 925 thiết kế bằng bạc cao cấp, được làm một cách tỉ mỉ, công phu từ tay các thợ lành nghề cho nên nhẫn luôn đảm bảo được chất lượng của một chiếc nhẫn bạc ở độ sáng, độ bóng, độ đẹp. Đặc biệt sự am hiểu về nhẫn bạc midi của những người thợ khéo léo và tinh tế, sẽ tạo ra những chiếc nhẫn midi theo phong cách tối giản sang trọng chứ không phải tầm thường.\r\nNhẫn bạc midi cao cấp 925 thiết kế theo phong cách thời trang minimalism (phong cách tối giản nhưng cũng được xem là phong cách của giới siêu giàu), một phong cách luôn thịnh hành trong thời trang thế giới. Vì vậy, với chiếc nhẫn bạc cao cấp 925 bạn sẽ trở nên đơn giản nhưng không kém phần sang trọng và cuốn hút\r\nThêm một lý do đáng để bạn có chiếc nhẫn bạc midi cao cấp 925 nữa là theo phong thủy cũng như tâm linh thì đeo nhẫn bằng chất liệu trang sức bạc cao cấp đẹp nhất đồng nghĩa với việc bạn đang luôn mang trong người niềm hy vọng, niềm vui, đồng tâm nhất trí trong cuộc sống\r\n \r\n Một vài lý do thú vị trên có cho bạn ý nghĩ là phải nhanh chân tìm cho mình vài chiếc nhẫn bạc midi cao cấp 925 không?', '2021-10-12 00:00:00', '2021-10-12 00:00:00', 'product_9.png'),
(10, 4, 'TR ONLY BIG DAISY FLOWER', 950000, 0, 'Nhẫn midi bạc cao cấp được thiết kế theo phong cách tối giản sẽ giúp bạn phù hợp với mọi loại phong cách.Một tí cách điệu cho bản thân thêm độc đáo . Tại sao nhẫn thì cứ phải đeo đốt dưới cùng của ngón tay mà tại sao bạn không thử một lần chuyển lên đốt t', 1, 0, 'Nhẫn bạc midi cao cấp 925 là một sản phẩm thời trang ý nghĩa mà bạn có thể làm quà tặng cho bạn bè, người thân hoặc cho chính bản thân mình\r\n \r\nNhững lý do mà bạn nên có một vài chiếc nhẫn bạc midi cao cấp 925:\r\nNhẫn bạc midi cao cấp là một trong những xu hướng thời trang độc đáo đang được ưa chuộng trên thế giới và cả Việt Nam. Một chiếc nhẫn midi cao cấp đeo trên đốt ngón tay sẽ tạo cho bạn trở nên cá tính hơn, hợp thời trang hơn và sành điệu hơn\r\nNhẫn midi khác với một chiếc nhẫn thông thường. Nhẫn midi là một bộ nhẫn có thiết kế giống nhau nhưng kích thước có chênh lệch nhau nhằm sử dụng được trên nhiều vị trí khác nhau trên các ngón tay. Tuy nhiên, nếu nhẫn được đeo ở đốt ngón tay thứ nhất (thay vì đeo ở đốt dưới cùng như các loại nhẫn thông thường) thì sẽ trở nên sinh động hơn, đặc biệt hơn. Vì thế, nhẫn midi với cách đeo khác lạ của mình sẽ tạo cho chủ nhân một phong cách mới mẻ hơn, “chất” hơn.\r\nNhẫn bạc midi cao cấp 925 thiết kế bằng bạc cao cấp, được làm một cách tỉ mỉ, công phu từ tay các thợ lành nghề cho nên nhẫn luôn đảm bảo được chất lượng của một chiếc nhẫn bạc ở độ sáng, độ bóng, độ đẹp. Đặc biệt sự am hiểu về nhẫn bạc midi của những người thợ khéo léo và tinh tế, sẽ tạo ra những chiếc nhẫn midi theo phong cách tối giản sang trọng chứ không phải tầm thường.\r\nNhẫn bạc midi cao cấp 925 thiết kế theo phong cách thời trang minimalism (phong cách tối giản nhưng cũng được xem là phong cách của giới siêu giàu), một phong cách luôn thịnh hành trong thời trang thế giới. Vì vậy, với chiếc nhẫn bạc cao cấp 925 bạn sẽ trở nên đơn giản nhưng không kém phần sang trọng và cuốn hút\r\nThêm một lý do đáng để bạn có chiếc nhẫn bạc midi cao cấp 925 nữa là theo phong thủy cũng như tâm linh thì đeo nhẫn bằng chất liệu trang sức bạc cao cấp đẹp nhất đồng nghĩa với việc bạn đang luôn mang trong người niềm hy vọng, niềm vui, đồng tâm nhất trí trong cuộc sống\r\n \r\n Một vài lý do thú vị trên có cho bạn ý nghĩ là phải nhanh chân tìm cho mình vài chiếc nhẫn bạc midi cao cấp 925 không?', '2021-10-12 00:00:00', '2021-10-12 00:00:00', 'product_10.png'),
(11, 5, 'R MIDI LINE HEART', 250000, 0, 'Nhẫn midi bạc cao cấp được thiết kế theo phong cách tối giản sẽ giúp bạn phù hợp với mọi loại phong cách.Một tí cách điệu cho bản thân thêm độc đáo . Tại sao nhẫn thì cứ phải đeo đốt dưới cùng của ngón tay mà tại sao bạn không thử một lần chuyển lên đốt t', 1, 0, 'Nhẫn bạc midi cao cấp 925 là một sản phẩm thời trang ý nghĩa mà bạn có thể làm quà tặng cho bạn bè, người thân hoặc cho chính bản thân mình\r\n \r\nNhững lý do mà bạn nên có một vài chiếc nhẫn bạc midi cao cấp 925:\r\nNhẫn bạc midi cao cấp là một trong những xu hướng thời trang độc đáo đang được ưa chuộng trên thế giới và cả Việt Nam. Một chiếc nhẫn midi cao cấp đeo trên đốt ngón tay sẽ tạo cho bạn trở nên cá tính hơn, hợp thời trang hơn và sành điệu hơn\r\nNhẫn midi khác với một chiếc nhẫn thông thường. Nhẫn midi là một bộ nhẫn có thiết kế giống nhau nhưng kích thước có chênh lệch nhau nhằm sử dụng được trên nhiều vị trí khác nhau trên các ngón tay. Tuy nhiên, nếu nhẫn được đeo ở đốt ngón tay thứ nhất (thay vì đeo ở đốt dưới cùng như các loại nhẫn thông thường) thì sẽ trở nên sinh động hơn, đặc biệt hơn. Vì thế, nhẫn midi với cách đeo khác lạ của mình sẽ tạo cho chủ nhân một phong cách mới mẻ hơn, “chất” hơn.\r\nNhẫn bạc midi cao cấp 925 thiết kế bằng bạc cao cấp, được làm một cách tỉ mỉ, công phu từ tay các thợ lành nghề cho nên nhẫn luôn đảm bảo được chất lượng của một chiếc nhẫn bạc ở độ sáng, độ bóng, độ đẹp. Đặc biệt sự am hiểu về nhẫn bạc midi của những người thợ khéo léo và tinh tế, sẽ tạo ra những chiếc nhẫn midi theo phong cách tối giản sang trọng chứ không phải tầm thường.\r\nNhẫn bạc midi cao cấp 925 thiết kế theo phong cách thời trang minimalism (phong cách tối giản nhưng cũng được xem là phong cách của giới siêu giàu), một phong cách luôn thịnh hành trong thời trang thế giới. Vì vậy, với chiếc nhẫn bạc cao cấp 925 bạn sẽ trở nên đơn giản nhưng không kém phần sang trọng và cuốn hút\r\nThêm một lý do đáng để bạn có chiếc nhẫn bạc midi cao cấp 925 nữa là theo phong thủy cũng như tâm linh thì đeo nhẫn bằng chất liệu trang sức bạc cao cấp đẹp nhất đồng nghĩa với việc bạn đang luôn mang trong người niềm hy vọng, niềm vui, đồng tâm nhất trí trong cuộc sống\r\n \r\n Một vài lý do thú vị trên có cho bạn ý nghĩ là phải nhanh chân tìm cho mình vài chiếc nhẫn bạc midi cao cấp 925 không?', '2021-10-12 00:00:00', '2021-10-12 00:00:00', 'product_11.png'),
(12, 5, 'R MIDI CURVE BAR GEM', 270000, 0, 'Nhẫn midi bạc cao cấp được thiết kế theo phong cách tối giản sẽ giúp bạn phù hợp với mọi loại phong cách.Một tí cách điệu cho bản thân thêm độc đáo . Tại sao nhẫn thì cứ phải đeo đốt dưới cùng của ngón tay mà tại sao bạn không thử một lần chuyển lên đốt t', 1, 1, 'Nhẫn bạc midi cao cấp 925 là một sản phẩm thời trang ý nghĩa mà bạn có thể làm quà tặng cho bạn bè, người thân hoặc cho chính bản thân mình\r\n \r\nNhững lý do mà bạn nên có một vài chiếc nhẫn bạc midi cao cấp 925:\r\nNhẫn bạc midi cao cấp là một trong những xu hướng thời trang độc đáo đang được ưa chuộng trên thế giới và cả Việt Nam. Một chiếc nhẫn midi cao cấp đeo trên đốt ngón tay sẽ tạo cho bạn trở nên cá tính hơn, hợp thời trang hơn và sành điệu hơn\r\nNhẫn midi khác với một chiếc nhẫn thông thường. Nhẫn midi là một bộ nhẫn có thiết kế giống nhau nhưng kích thước có chênh lệch nhau nhằm sử dụng được trên nhiều vị trí khác nhau trên các ngón tay. Tuy nhiên, nếu nhẫn được đeo ở đốt ngón tay thứ nhất (thay vì đeo ở đốt dưới cùng như các loại nhẫn thông thường) thì sẽ trở nên sinh động hơn, đặc biệt hơn. Vì thế, nhẫn midi với cách đeo khác lạ của mình sẽ tạo cho chủ nhân một phong cách mới mẻ hơn, “chất” hơn.\r\nNhẫn bạc midi cao cấp 925 thiết kế bằng bạc cao cấp, được làm một cách tỉ mỉ, công phu từ tay các thợ lành nghề cho nên nhẫn luôn đảm bảo được chất lượng của một chiếc nhẫn bạc ở độ sáng, độ bóng, độ đẹp. Đặc biệt sự am hiểu về nhẫn bạc midi của những người thợ khéo léo và tinh tế, sẽ tạo ra những chiếc nhẫn midi theo phong cách tối giản sang trọng chứ không phải tầm thường.\r\nNhẫn bạc midi cao cấp 925 thiết kế theo phong cách thời trang minimalism (phong cách tối giản nhưng cũng được xem là phong cách của giới siêu giàu), một phong cách luôn thịnh hành trong thời trang thế giới. Vì vậy, với chiếc nhẫn bạc cao cấp 925 bạn sẽ trở nên đơn giản nhưng không kém phần sang trọng và cuốn hút\r\nThêm một lý do đáng để bạn có chiếc nhẫn bạc midi cao cấp 925 nữa là theo phong thủy cũng như tâm linh thì đeo nhẫn bằng chất liệu trang sức bạc cao cấp đẹp nhất đồng nghĩa với việc bạn đang luôn mang trong người niềm hy vọng, niềm vui, đồng tâm nhất trí trong cuộc sống\r\n \r\n Một vài lý do thú vị trên có cho bạn ý nghĩ là phải nhanh chân tìm cho mình vài chiếc nhẫn bạc midi cao cấp 925 không?', '2021-10-12 00:00:00', '2021-10-12 00:00:00', 'product_12.png'),
(13, 5, 'R MIDI LITTLE HEART GEM 1', 300000, 0, 'Nhẫn midi bạc cao cấp được thiết kế theo phong cách tối giản sẽ giúp bạn phù hợp với mọi loại phong cách.Một tí cách điệu cho bản thân thêm độc đáo . Tại sao nhẫn thì cứ phải đeo đốt dưới cùng của ngón tay mà tại sao bạn không thử một lần chuyển lên đốt t', 1, 0, 'Nhẫn bạc midi cao cấp 925 là một sản phẩm thời trang ý nghĩa mà bạn có thể làm quà tặng cho bạn bè, người thân hoặc cho chính bản thân mình\r\n \r\nNhững lý do mà bạn nên có một vài chiếc nhẫn bạc midi cao cấp 925:\r\nNhẫn bạc midi cao cấp là một trong những xu hướng thời trang độc đáo đang được ưa chuộng trên thế giới và cả Việt Nam. Một chiếc nhẫn midi cao cấp đeo trên đốt ngón tay sẽ tạo cho bạn trở nên cá tính hơn, hợp thời trang hơn và sành điệu hơn\r\nNhẫn midi khác với một chiếc nhẫn thông thường. Nhẫn midi là một bộ nhẫn có thiết kế giống nhau nhưng kích thước có chênh lệch nhau nhằm sử dụng được trên nhiều vị trí khác nhau trên các ngón tay. Tuy nhiên, nếu nhẫn được đeo ở đốt ngón tay thứ nhất (thay vì đeo ở đốt dưới cùng như các loại nhẫn thông thường) thì sẽ trở nên sinh động hơn, đặc biệt hơn. Vì thế, nhẫn midi với cách đeo khác lạ của mình sẽ tạo cho chủ nhân một phong cách mới mẻ hơn, “chất” hơn.\r\nNhẫn bạc midi cao cấp 925 thiết kế bằng bạc cao cấp, được làm một cách tỉ mỉ, công phu từ tay các thợ lành nghề cho nên nhẫn luôn đảm bảo được chất lượng của một chiếc nhẫn bạc ở độ sáng, độ bóng, độ đẹp. Đặc biệt sự am hiểu về nhẫn bạc midi của những người thợ khéo léo và tinh tế, sẽ tạo ra những chiếc nhẫn midi theo phong cách tối giản sang trọng chứ không phải tầm thường.\r\nNhẫn bạc midi cao cấp 925 thiết kế theo phong cách thời trang minimalism (phong cách tối giản nhưng cũng được xem là phong cách của giới siêu giàu), một phong cách luôn thịnh hành trong thời trang thế giới. Vì vậy, với chiếc nhẫn bạc cao cấp 925 bạn sẽ trở nên đơn giản nhưng không kém phần sang trọng và cuốn hút\r\nThêm một lý do đáng để bạn có chiếc nhẫn bạc midi cao cấp 925 nữa là theo phong thủy cũng như tâm linh thì đeo nhẫn bằng chất liệu trang sức bạc cao cấp đẹp nhất đồng nghĩa với việc bạn đang luôn mang trong người niềm hy vọng, niềm vui, đồng tâm nhất trí trong cuộc sống\r\n \r\n Một vài lý do thú vị trên có cho bạn ý nghĩ là phải nhanh chân tìm cho mình vài chiếc nhẫn bạc midi cao cấp 925 không?', '2021-10-12 00:00:00', '2021-10-12 00:00:00', 'product_13.png'),
(14, 5, 'R MIDI LITTLE HEART GEM 2', 250000, 0, 'Nhẫn midi bạc cao cấp được thiết kế theo phong cách tối giản sẽ giúp bạn phù hợp với mọi loại phong cách.Một tí cách điệu cho bản thân thêm độc đáo . Tại sao nhẫn thì cứ phải đeo đốt dưới cùng của ngón tay mà tại sao bạn không thử một lần chuyển lên đốt t', 1, 0, 'Nhẫn bạc midi cao cấp 925 là một sản phẩm thời trang ý nghĩa mà bạn có thể làm quà tặng cho bạn bè, người thân hoặc cho chính bản thân mình\r\n \r\nNhững lý do mà bạn nên có một vài chiếc nhẫn bạc midi cao cấp 925:\r\nNhẫn bạc midi cao cấp là một trong những xu hướng thời trang độc đáo đang được ưa chuộng trên thế giới và cả Việt Nam. Một chiếc nhẫn midi cao cấp đeo trên đốt ngón tay sẽ tạo cho bạn trở nên cá tính hơn, hợp thời trang hơn và sành điệu hơn\r\nNhẫn midi khác với một chiếc nhẫn thông thường. Nhẫn midi là một bộ nhẫn có thiết kế giống nhau nhưng kích thước có chênh lệch nhau nhằm sử dụng được trên nhiều vị trí khác nhau trên các ngón tay. Tuy nhiên, nếu nhẫn được đeo ở đốt ngón tay thứ nhất (thay vì đeo ở đốt dưới cùng như các loại nhẫn thông thường) thì sẽ trở nên sinh động hơn, đặc biệt hơn. Vì thế, nhẫn midi với cách đeo khác lạ của mình sẽ tạo cho chủ nhân một phong cách mới mẻ hơn, “chất” hơn.\r\nNhẫn bạc midi cao cấp 925 thiết kế bằng bạc cao cấp, được làm một cách tỉ mỉ, công phu từ tay các thợ lành nghề cho nên nhẫn luôn đảm bảo được chất lượng của một chiếc nhẫn bạc ở độ sáng, độ bóng, độ đẹp. Đặc biệt sự am hiểu về nhẫn bạc midi của những người thợ khéo léo và tinh tế, sẽ tạo ra những chiếc nhẫn midi theo phong cách tối giản sang trọng chứ không phải tầm thường.\r\nNhẫn bạc midi cao cấp 925 thiết kế theo phong cách thời trang minimalism (phong cách tối giản nhưng cũng được xem là phong cách của giới siêu giàu), một phong cách luôn thịnh hành trong thời trang thế giới. Vì vậy, với chiếc nhẫn bạc cao cấp 925 bạn sẽ trở nên đơn giản nhưng không kém phần sang trọng và cuốn hút\r\nThêm một lý do đáng để bạn có chiếc nhẫn bạc midi cao cấp 925 nữa là theo phong thủy cũng như tâm linh thì đeo nhẫn bằng chất liệu trang sức bạc cao cấp đẹp nhất đồng nghĩa với việc bạn đang luôn mang trong người niềm hy vọng, niềm vui, đồng tâm nhất trí trong cuộc sống\r\n \r\n Một vài lý do thú vị trên có cho bạn ý nghĩ là phải nhanh chân tìm cho mình vài chiếc nhẫn bạc midi cao cấp 925 không?', '2021-10-12 00:00:00', '2021-10-12 00:00:00', 'product_14.png'),
(15, 5, 'R MIDI DOUBLE BUTTEFLY', 450000, 0, 'Nhẫn midi bạc cao cấp được thiết kế theo phong cách tối giản sẽ giúp bạn phù hợp với mọi loại phong cách.Một tí cách điệu cho bản thân thêm độc đáo . Tại sao nhẫn thì cứ phải đeo đốt dưới cùng của ngón tay mà tại sao bạn không thử một lần chuyển lên đốt t', 1, 0, 'Nhẫn bạc midi cao cấp 925 là một sản phẩm thời trang ý nghĩa mà bạn có thể làm quà tặng cho bạn bè, người thân hoặc cho chính bản thân mình\r\n \r\nNhững lý do mà bạn nên có một vài chiếc nhẫn bạc midi cao cấp 925:\r\nNhẫn bạc midi cao cấp là một trong những xu hướng thời trang độc đáo đang được ưa chuộng trên thế giới và cả Việt Nam. Một chiếc nhẫn midi cao cấp đeo trên đốt ngón tay sẽ tạo cho bạn trở nên cá tính hơn, hợp thời trang hơn và sành điệu hơn\r\nNhẫn midi khác với một chiếc nhẫn thông thường. Nhẫn midi là một bộ nhẫn có thiết kế giống nhau nhưng kích thước có chênh lệch nhau nhằm sử dụng được trên nhiều vị trí khác nhau trên các ngón tay. Tuy nhiên, nếu nhẫn được đeo ở đốt ngón tay thứ nhất (thay vì đeo ở đốt dưới cùng như các loại nhẫn thông thường) thì sẽ trở nên sinh động hơn, đặc biệt hơn. Vì thế, nhẫn midi với cách đeo khác lạ của mình sẽ tạo cho chủ nhân một phong cách mới mẻ hơn, “chất” hơn.\r\nNhẫn bạc midi cao cấp 925 thiết kế bằng bạc cao cấp, được làm một cách tỉ mỉ, công phu từ tay các thợ lành nghề cho nên nhẫn luôn đảm bảo được chất lượng của một chiếc nhẫn bạc ở độ sáng, độ bóng, độ đẹp. Đặc biệt sự am hiểu về nhẫn bạc midi của những người thợ khéo léo và tinh tế, sẽ tạo ra những chiếc nhẫn midi theo phong cách tối giản sang trọng chứ không phải tầm thường.\r\nNhẫn bạc midi cao cấp 925 thiết kế theo phong cách thời trang minimalism (phong cách tối giản nhưng cũng được xem là phong cách của giới siêu giàu), một phong cách luôn thịnh hành trong thời trang thế giới. Vì vậy, với chiếc nhẫn bạc cao cấp 925 bạn sẽ trở nên đơn giản nhưng không kém phần sang trọng và cuốn hút\r\nThêm một lý do đáng để bạn có chiếc nhẫn bạc midi cao cấp 925 nữa là theo phong thủy cũng như tâm linh thì đeo nhẫn bằng chất liệu trang sức bạc cao cấp đẹp nhất đồng nghĩa với việc bạn đang luôn mang trong người niềm hy vọng, niềm vui, đồng tâm nhất trí trong cuộc sống\r\n \r\n Một vài lý do thú vị trên có cho bạn ý nghĩ là phải nhanh chân tìm cho mình vài chiếc nhẫn bạc midi cao cấp 925 không?', '2021-10-12 00:00:00', '2021-10-12 00:00:00', 'product_15.png'),
(16, 5, 'R MIDI OPEN LEAF', 650000, 0, 'Nhẫn midi bạc cao cấp được thiết kế theo phong cách tối giản sẽ giúp bạn phù hợp với mọi loại phong cách.Một tí cách điệu cho bản thân thêm độc đáo . Tại sao nhẫn thì cứ phải đeo đốt dưới cùng của ngón tay mà tại sao bạn không thử một lần chuyển lên đốt t', 1, 0, 'Nhẫn bạc midi cao cấp 925 là một sản phẩm thời trang ý nghĩa mà bạn có thể làm quà tặng cho bạn bè, người thân hoặc cho chính bản thân mình\r\n \r\nNhững lý do mà bạn nên có một vài chiếc nhẫn bạc midi cao cấp 925:\r\nNhẫn bạc midi cao cấp là một trong những xu hướng thời trang độc đáo đang được ưa chuộng trên thế giới và cả Việt Nam. Một chiếc nhẫn midi cao cấp đeo trên đốt ngón tay sẽ tạo cho bạn trở nên cá tính hơn, hợp thời trang hơn và sành điệu hơn\r\nNhẫn midi khác với một chiếc nhẫn thông thường. Nhẫn midi là một bộ nhẫn có thiết kế giống nhau nhưng kích thước có chênh lệch nhau nhằm sử dụng được trên nhiều vị trí khác nhau trên các ngón tay. Tuy nhiên, nếu nhẫn được đeo ở đốt ngón tay thứ nhất (thay vì đeo ở đốt dưới cùng như các loại nhẫn thông thường) thì sẽ trở nên sinh động hơn, đặc biệt hơn. Vì thế, nhẫn midi với cách đeo khác lạ của mình sẽ tạo cho chủ nhân một phong cách mới mẻ hơn, “chất” hơn.\r\nNhẫn bạc midi cao cấp 925 thiết kế bằng bạc cao cấp, được làm một cách tỉ mỉ, công phu từ tay các thợ lành nghề cho nên nhẫn luôn đảm bảo được chất lượng của một chiếc nhẫn bạc ở độ sáng, độ bóng, độ đẹp. Đặc biệt sự am hiểu về nhẫn bạc midi của những người thợ khéo léo và tinh tế, sẽ tạo ra những chiếc nhẫn midi theo phong cách tối giản sang trọng chứ không phải tầm thường.\r\nNhẫn bạc midi cao cấp 925 thiết kế theo phong cách thời trang minimalism (phong cách tối giản nhưng cũng được xem là phong cách của giới siêu giàu), một phong cách luôn thịnh hành trong thời trang thế giới. Vì vậy, với chiếc nhẫn bạc cao cấp 925 bạn sẽ trở nên đơn giản nhưng không kém phần sang trọng và cuốn hút\r\nThêm một lý do đáng để bạn có chiếc nhẫn bạc midi cao cấp 925 nữa là theo phong thủy cũng như tâm linh thì đeo nhẫn bằng chất liệu trang sức bạc cao cấp đẹp nhất đồng nghĩa với việc bạn đang luôn mang trong người niềm hy vọng, niềm vui, đồng tâm nhất trí trong cuộc sống\r\n \r\n Một vài lý do thú vị trên có cho bạn ý nghĩ là phải nhanh chân tìm cho mình vài chiếc nhẫn bạc midi cao cấp 925 không?', '2021-10-12 00:00:00', '2021-10-12 00:00:00', 'product_16.png'),
(17, 5, 'R MIDI BIG FLAT ROCK', 250000, 0, 'Nhẫn midi bạc cao cấp được thiết kế theo phong cách tối giản sẽ giúp bạn phù hợp với mọi loại phong cách.Một tí cách điệu cho bản thân thêm độc đáo . Tại sao nhẫn thì cứ phải đeo đốt dưới cùng của ngón tay mà tại sao bạn không thử một lần chuyển lên đốt t', 1, 0, 'Nhẫn bạc midi cao cấp 925 là một sản phẩm thời trang ý nghĩa mà bạn có thể làm quà tặng cho bạn bè, người thân hoặc cho chính bản thân mình\r\n \r\nNhững lý do mà bạn nên có một vài chiếc nhẫn bạc midi cao cấp 925:\r\nNhẫn bạc midi cao cấp là một trong những xu hướng thời trang độc đáo đang được ưa chuộng trên thế giới và cả Việt Nam. Một chiếc nhẫn midi cao cấp đeo trên đốt ngón tay sẽ tạo cho bạn trở nên cá tính hơn, hợp thời trang hơn và sành điệu hơn\r\nNhẫn midi khác với một chiếc nhẫn thông thường. Nhẫn midi là một bộ nhẫn có thiết kế giống nhau nhưng kích thước có chênh lệch nhau nhằm sử dụng được trên nhiều vị trí khác nhau trên các ngón tay. Tuy nhiên, nếu nhẫn được đeo ở đốt ngón tay thứ nhất (thay vì đeo ở đốt dưới cùng như các loại nhẫn thông thường) thì sẽ trở nên sinh động hơn, đặc biệt hơn. Vì thế, nhẫn midi với cách đeo khác lạ của mình sẽ tạo cho chủ nhân một phong cách mới mẻ hơn, “chất” hơn.\r\nNhẫn bạc midi cao cấp 925 thiết kế bằng bạc cao cấp, được làm một cách tỉ mỉ, công phu từ tay các thợ lành nghề cho nên nhẫn luôn đảm bảo được chất lượng của một chiếc nhẫn bạc ở độ sáng, độ bóng, độ đẹp. Đặc biệt sự am hiểu về nhẫn bạc midi của những người thợ khéo léo và tinh tế, sẽ tạo ra những chiếc nhẫn midi theo phong cách tối giản sang trọng chứ không phải tầm thường.\r\nNhẫn bạc midi cao cấp 925 thiết kế theo phong cách thời trang minimalism (phong cách tối giản nhưng cũng được xem là phong cách của giới siêu giàu), một phong cách luôn thịnh hành trong thời trang thế giới. Vì vậy, với chiếc nhẫn bạc cao cấp 925 bạn sẽ trở nên đơn giản nhưng không kém phần sang trọng và cuốn hút\r\nThêm một lý do đáng để bạn có chiếc nhẫn bạc midi cao cấp 925 nữa là theo phong thủy cũng như tâm linh thì đeo nhẫn bằng chất liệu trang sức bạc cao cấp đẹp nhất đồng nghĩa với việc bạn đang luôn mang trong người niềm hy vọng, niềm vui, đồng tâm nhất trí trong cuộc sống\r\n \r\n Một vài lý do thú vị trên có cho bạn ý nghĩ là phải nhanh chân tìm cho mình vài chiếc nhẫn bạc midi cao cấp 925 không?', '2021-10-12 00:00:00', '2021-10-12 00:00:00', 'product_17.png'),
(18, 5, 'R MIDI LIZZARD', 250000, 0, 'Nhẫn midi bạc cao cấp được thiết kế theo phong cách tối giản sẽ giúp bạn phù hợp với mọi loại phong cách.Một tí cách điệu cho bản thân thêm độc đáo . Tại sao nhẫn thì cứ phải đeo đốt dưới cùng của ngón tay mà tại sao bạn không thử một lần chuyển lên đốt t', 1, 0, 'Nhẫn bạc midi cao cấp 925 là một sản phẩm thời trang ý nghĩa mà bạn có thể làm quà tặng cho bạn bè, người thân hoặc cho chính bản thân mình\r\n \r\nNhững lý do mà bạn nên có một vài chiếc nhẫn bạc midi cao cấp 925:\r\nNhẫn bạc midi cao cấp là một trong những xu hướng thời trang độc đáo đang được ưa chuộng trên thế giới và cả Việt Nam. Một chiếc nhẫn midi cao cấp đeo trên đốt ngón tay sẽ tạo cho bạn trở nên cá tính hơn, hợp thời trang hơn và sành điệu hơn\r\nNhẫn midi khác với một chiếc nhẫn thông thường. Nhẫn midi là một bộ nhẫn có thiết kế giống nhau nhưng kích thước có chênh lệch nhau nhằm sử dụng được trên nhiều vị trí khác nhau trên các ngón tay. Tuy nhiên, nếu nhẫn được đeo ở đốt ngón tay thứ nhất (thay vì đeo ở đốt dưới cùng như các loại nhẫn thông thường) thì sẽ trở nên sinh động hơn, đặc biệt hơn. Vì thế, nhẫn midi với cách đeo khác lạ của mình sẽ tạo cho chủ nhân một phong cách mới mẻ hơn, “chất” hơn.\r\nNhẫn bạc midi cao cấp 925 thiết kế bằng bạc cao cấp, được làm một cách tỉ mỉ, công phu từ tay các thợ lành nghề cho nên nhẫn luôn đảm bảo được chất lượng của một chiếc nhẫn bạc ở độ sáng, độ bóng, độ đẹp. Đặc biệt sự am hiểu về nhẫn bạc midi của những người thợ khéo léo và tinh tế, sẽ tạo ra những chiếc nhẫn midi theo phong cách tối giản sang trọng chứ không phải tầm thường.\r\nNhẫn bạc midi cao cấp 925 thiết kế theo phong cách thời trang minimalism (phong cách tối giản nhưng cũng được xem là phong cách của giới siêu giàu), một phong cách luôn thịnh hành trong thời trang thế giới. Vì vậy, với chiếc nhẫn bạc cao cấp 925 bạn sẽ trở nên đơn giản nhưng không kém phần sang trọng và cuốn hút\r\nThêm một lý do đáng để bạn có chiếc nhẫn bạc midi cao cấp 925 nữa là theo phong thủy cũng như tâm linh thì đeo nhẫn bằng chất liệu trang sức bạc cao cấp đẹp nhất đồng nghĩa với việc bạn đang luôn mang trong người niềm hy vọng, niềm vui, đồng tâm nhất trí trong cuộc sống\r\n \r\n Một vài lý do thú vị trên có cho bạn ý nghĩ là phải nhanh chân tìm cho mình vài chiếc nhẫn bạc midi cao cấp 925 không?', '2021-10-12 00:00:00', '2021-10-12 00:00:00', 'product_18.png'),
(19, 5, 'TR FEATHER OXIDIZE', 900000, 0, 'Nhẫn midi bạc cao cấp được thiết kế theo phong cách tối giản sẽ giúp bạn phù hợp với mọi loại phong cách.Một tí cách điệu cho bản thân thêm độc đáo . Tại sao nhẫn thì cứ phải đeo đốt dưới cùng của ngón tay mà tại sao bạn không thử một lần chuyển lên đốt t', 1, 0, 'Nhẫn bạc midi cao cấp 925 là một sản phẩm thời trang ý nghĩa mà bạn có thể làm quà tặng cho bạn bè, người thân hoặc cho chính bản thân mình\r\n \r\nNhững lý do mà bạn nên có một vài chiếc nhẫn bạc midi cao cấp 925:\r\nNhẫn bạc midi cao cấp là một trong những xu hướng thời trang độc đáo đang được ưa chuộng trên thế giới và cả Việt Nam. Một chiếc nhẫn midi cao cấp đeo trên đốt ngón tay sẽ tạo cho bạn trở nên cá tính hơn, hợp thời trang hơn và sành điệu hơn\r\nNhẫn midi khác với một chiếc nhẫn thông thường. Nhẫn midi là một bộ nhẫn có thiết kế giống nhau nhưng kích thước có chênh lệch nhau nhằm sử dụng được trên nhiều vị trí khác nhau trên các ngón tay. Tuy nhiên, nếu nhẫn được đeo ở đốt ngón tay thứ nhất (thay vì đeo ở đốt dưới cùng như các loại nhẫn thông thường) thì sẽ trở nên sinh động hơn, đặc biệt hơn. Vì thế, nhẫn midi với cách đeo khác lạ của mình sẽ tạo cho chủ nhân một phong cách mới mẻ hơn, “chất” hơn.\r\nNhẫn bạc midi cao cấp 925 thiết kế bằng bạc cao cấp, được làm một cách tỉ mỉ, công phu từ tay các thợ lành nghề cho nên nhẫn luôn đảm bảo được chất lượng của một chiếc nhẫn bạc ở độ sáng, độ bóng, độ đẹp. Đặc biệt sự am hiểu về nhẫn bạc midi của những người thợ khéo léo và tinh tế, sẽ tạo ra những chiếc nhẫn midi theo phong cách tối giản sang trọng chứ không phải tầm thường.\r\nNhẫn bạc midi cao cấp 925 thiết kế theo phong cách thời trang minimalism (phong cách tối giản nhưng cũng được xem là phong cách của giới siêu giàu), một phong cách luôn thịnh hành trong thời trang thế giới. Vì vậy, với chiếc nhẫn bạc cao cấp 925 bạn sẽ trở nên đơn giản nhưng không kém phần sang trọng và cuốn hút\r\nThêm một lý do đáng để bạn có chiếc nhẫn bạc midi cao cấp 925 nữa là theo phong thủy cũng như tâm linh thì đeo nhẫn bằng chất liệu trang sức bạc cao cấp đẹp nhất đồng nghĩa với việc bạn đang luôn mang trong người niềm hy vọng, niềm vui, đồng tâm nhất trí trong cuộc sống\r\n \r\n Một vài lý do thú vị trên có cho bạn ý nghĩ là phải nhanh chân tìm cho mình vài chiếc nhẫn bạc midi cao cấp 925 không?', '2021-10-12 00:00:00', '2021-10-12 00:00:00', 'product_19.png'),
(20, 5, 'TR ONLY BIG DAISY FLOWER', 950000, 0, 'Nhẫn midi bạc cao cấp được thiết kế theo phong cách tối giản sẽ giúp bạn phù hợp với mọi loại phong cách.Một tí cách điệu cho bản thân thêm độc đáo . Tại sao nhẫn thì cứ phải đeo đốt dưới cùng của ngón tay mà tại sao bạn không thử một lần chuyển lên đốt t', 1, 0, 'Nhẫn bạc midi cao cấp 925 là một sản phẩm thời trang ý nghĩa mà bạn có thể làm quà tặng cho bạn bè, người thân hoặc cho chính bản thân mình\r\n \r\nNhững lý do mà bạn nên có một vài chiếc nhẫn bạc midi cao cấp 925:\r\nNhẫn bạc midi cao cấp là một trong những xu hướng thời trang độc đáo đang được ưa chuộng trên thế giới và cả Việt Nam. Một chiếc nhẫn midi cao cấp đeo trên đốt ngón tay sẽ tạo cho bạn trở nên cá tính hơn, hợp thời trang hơn và sành điệu hơn\r\nNhẫn midi khác với một chiếc nhẫn thông thường. Nhẫn midi là một bộ nhẫn có thiết kế giống nhau nhưng kích thước có chênh lệch nhau nhằm sử dụng được trên nhiều vị trí khác nhau trên các ngón tay. Tuy nhiên, nếu nhẫn được đeo ở đốt ngón tay thứ nhất (thay vì đeo ở đốt dưới cùng như các loại nhẫn thông thường) thì sẽ trở nên sinh động hơn, đặc biệt hơn. Vì thế, nhẫn midi với cách đeo khác lạ của mình sẽ tạo cho chủ nhân một phong cách mới mẻ hơn, “chất” hơn.\r\nNhẫn bạc midi cao cấp 925 thiết kế bằng bạc cao cấp, được làm một cách tỉ mỉ, công phu từ tay các thợ lành nghề cho nên nhẫn luôn đảm bảo được chất lượng của một chiếc nhẫn bạc ở độ sáng, độ bóng, độ đẹp. Đặc biệt sự am hiểu về nhẫn bạc midi của những người thợ khéo léo và tinh tế, sẽ tạo ra những chiếc nhẫn midi theo phong cách tối giản sang trọng chứ không phải tầm thường.\r\nNhẫn bạc midi cao cấp 925 thiết kế theo phong cách thời trang minimalism (phong cách tối giản nhưng cũng được xem là phong cách của giới siêu giàu), một phong cách luôn thịnh hành trong thời trang thế giới. Vì vậy, với chiếc nhẫn bạc cao cấp 925 bạn sẽ trở nên đơn giản nhưng không kém phần sang trọng và cuốn hút\r\nThêm một lý do đáng để bạn có chiếc nhẫn bạc midi cao cấp 925 nữa là theo phong thủy cũng như tâm linh thì đeo nhẫn bằng chất liệu trang sức bạc cao cấp đẹp nhất đồng nghĩa với việc bạn đang luôn mang trong người niềm hy vọng, niềm vui, đồng tâm nhất trí trong cuộc sống\r\n \r\n Một vài lý do thú vị trên có cho bạn ý nghĩ là phải nhanh chân tìm cho mình vài chiếc nhẫn bạc midi cao cấp 925 không?', '2021-10-12 00:00:00', '2021-10-12 00:00:00', 'product_20.png');
INSERT INTO `products` (`id`, `id_category`, `name`, `price`, `sale`, `title`, `highlight`, `new_product`, `detail`, `create_at`, `update_at`, `image`) VALUES
(21, 6, 'R MIDI LINE HEART', 250000, 0, 'Nhẫn midi bạc cao cấp được thiết kế theo phong cách tối giản sẽ giúp bạn phù hợp với mọi loại phong cách.Một tí cách điệu cho bản thân thêm độc đáo . Tại sao nhẫn thì cứ phải đeo đốt dưới cùng của ngón tay mà tại sao bạn không thử một lần chuyển lên đốt t', 1, 0, 'Nhẫn bạc midi cao cấp 925 là một sản phẩm thời trang ý nghĩa mà bạn có thể làm quà tặng cho bạn bè, người thân hoặc cho chính bản thân mình\r\n \r\nNhững lý do mà bạn nên có một vài chiếc nhẫn bạc midi cao cấp 925:\r\nNhẫn bạc midi cao cấp là một trong những xu hướng thời trang độc đáo đang được ưa chuộng trên thế giới và cả Việt Nam. Một chiếc nhẫn midi cao cấp đeo trên đốt ngón tay sẽ tạo cho bạn trở nên cá tính hơn, hợp thời trang hơn và sành điệu hơn\r\nNhẫn midi khác với một chiếc nhẫn thông thường. Nhẫn midi là một bộ nhẫn có thiết kế giống nhau nhưng kích thước có chênh lệch nhau nhằm sử dụng được trên nhiều vị trí khác nhau trên các ngón tay. Tuy nhiên, nếu nhẫn được đeo ở đốt ngón tay thứ nhất (thay vì đeo ở đốt dưới cùng như các loại nhẫn thông thường) thì sẽ trở nên sinh động hơn, đặc biệt hơn. Vì thế, nhẫn midi với cách đeo khác lạ của mình sẽ tạo cho chủ nhân một phong cách mới mẻ hơn, “chất” hơn.\r\nNhẫn bạc midi cao cấp 925 thiết kế bằng bạc cao cấp, được làm một cách tỉ mỉ, công phu từ tay các thợ lành nghề cho nên nhẫn luôn đảm bảo được chất lượng của một chiếc nhẫn bạc ở độ sáng, độ bóng, độ đẹp. Đặc biệt sự am hiểu về nhẫn bạc midi của những người thợ khéo léo và tinh tế, sẽ tạo ra những chiếc nhẫn midi theo phong cách tối giản sang trọng chứ không phải tầm thường.\r\nNhẫn bạc midi cao cấp 925 thiết kế theo phong cách thời trang minimalism (phong cách tối giản nhưng cũng được xem là phong cách của giới siêu giàu), một phong cách luôn thịnh hành trong thời trang thế giới. Vì vậy, với chiếc nhẫn bạc cao cấp 925 bạn sẽ trở nên đơn giản nhưng không kém phần sang trọng và cuốn hút\r\nThêm một lý do đáng để bạn có chiếc nhẫn bạc midi cao cấp 925 nữa là theo phong thủy cũng như tâm linh thì đeo nhẫn bằng chất liệu trang sức bạc cao cấp đẹp nhất đồng nghĩa với việc bạn đang luôn mang trong người niềm hy vọng, niềm vui, đồng tâm nhất trí trong cuộc sống\r\n \r\n Một vài lý do thú vị trên có cho bạn ý nghĩ là phải nhanh chân tìm cho mình vài chiếc nhẫn bạc midi cao cấp 925 không?', '2021-10-12 00:00:00', '2021-10-12 00:00:00', 'product_21.png'),
(22, 6, 'R MIDI CURVE BAR GEM', 270000, 0, 'Nhẫn midi bạc cao cấp được thiết kế theo phong cách tối giản sẽ giúp bạn phù hợp với mọi loại phong cách.Một tí cách điệu cho bản thân thêm độc đáo . Tại sao nhẫn thì cứ phải đeo đốt dưới cùng của ngón tay mà tại sao bạn không thử một lần chuyển lên đốt t', 1, 1, 'Nhẫn bạc midi cao cấp 925 là một sản phẩm thời trang ý nghĩa mà bạn có thể làm quà tặng cho bạn bè, người thân hoặc cho chính bản thân mình\r\n \r\nNhững lý do mà bạn nên có một vài chiếc nhẫn bạc midi cao cấp 925:\r\nNhẫn bạc midi cao cấp là một trong những xu hướng thời trang độc đáo đang được ưa chuộng trên thế giới và cả Việt Nam. Một chiếc nhẫn midi cao cấp đeo trên đốt ngón tay sẽ tạo cho bạn trở nên cá tính hơn, hợp thời trang hơn và sành điệu hơn\r\nNhẫn midi khác với một chiếc nhẫn thông thường. Nhẫn midi là một bộ nhẫn có thiết kế giống nhau nhưng kích thước có chênh lệch nhau nhằm sử dụng được trên nhiều vị trí khác nhau trên các ngón tay. Tuy nhiên, nếu nhẫn được đeo ở đốt ngón tay thứ nhất (thay vì đeo ở đốt dưới cùng như các loại nhẫn thông thường) thì sẽ trở nên sinh động hơn, đặc biệt hơn. Vì thế, nhẫn midi với cách đeo khác lạ của mình sẽ tạo cho chủ nhân một phong cách mới mẻ hơn, “chất” hơn.\r\nNhẫn bạc midi cao cấp 925 thiết kế bằng bạc cao cấp, được làm một cách tỉ mỉ, công phu từ tay các thợ lành nghề cho nên nhẫn luôn đảm bảo được chất lượng của một chiếc nhẫn bạc ở độ sáng, độ bóng, độ đẹp. Đặc biệt sự am hiểu về nhẫn bạc midi của những người thợ khéo léo và tinh tế, sẽ tạo ra những chiếc nhẫn midi theo phong cách tối giản sang trọng chứ không phải tầm thường.\r\nNhẫn bạc midi cao cấp 925 thiết kế theo phong cách thời trang minimalism (phong cách tối giản nhưng cũng được xem là phong cách của giới siêu giàu), một phong cách luôn thịnh hành trong thời trang thế giới. Vì vậy, với chiếc nhẫn bạc cao cấp 925 bạn sẽ trở nên đơn giản nhưng không kém phần sang trọng và cuốn hút\r\nThêm một lý do đáng để bạn có chiếc nhẫn bạc midi cao cấp 925 nữa là theo phong thủy cũng như tâm linh thì đeo nhẫn bằng chất liệu trang sức bạc cao cấp đẹp nhất đồng nghĩa với việc bạn đang luôn mang trong người niềm hy vọng, niềm vui, đồng tâm nhất trí trong cuộc sống\r\n \r\n Một vài lý do thú vị trên có cho bạn ý nghĩ là phải nhanh chân tìm cho mình vài chiếc nhẫn bạc midi cao cấp 925 không?', '2021-10-12 00:00:00', '2021-10-12 00:00:00', 'product_22.png'),
(23, 6, 'R MIDI LITTLE HEART GEM 1', 300000, 0, 'Nhẫn midi bạc cao cấp được thiết kế theo phong cách tối giản sẽ giúp bạn phù hợp với mọi loại phong cách.Một tí cách điệu cho bản thân thêm độc đáo . Tại sao nhẫn thì cứ phải đeo đốt dưới cùng của ngón tay mà tại sao bạn không thử một lần chuyển lên đốt t', 1, 0, 'Nhẫn bạc midi cao cấp 925 là một sản phẩm thời trang ý nghĩa mà bạn có thể làm quà tặng cho bạn bè, người thân hoặc cho chính bản thân mình\r\n \r\nNhững lý do mà bạn nên có một vài chiếc nhẫn bạc midi cao cấp 925:\r\nNhẫn bạc midi cao cấp là một trong những xu hướng thời trang độc đáo đang được ưa chuộng trên thế giới và cả Việt Nam. Một chiếc nhẫn midi cao cấp đeo trên đốt ngón tay sẽ tạo cho bạn trở nên cá tính hơn, hợp thời trang hơn và sành điệu hơn\r\nNhẫn midi khác với một chiếc nhẫn thông thường. Nhẫn midi là một bộ nhẫn có thiết kế giống nhau nhưng kích thước có chênh lệch nhau nhằm sử dụng được trên nhiều vị trí khác nhau trên các ngón tay. Tuy nhiên, nếu nhẫn được đeo ở đốt ngón tay thứ nhất (thay vì đeo ở đốt dưới cùng như các loại nhẫn thông thường) thì sẽ trở nên sinh động hơn, đặc biệt hơn. Vì thế, nhẫn midi với cách đeo khác lạ của mình sẽ tạo cho chủ nhân một phong cách mới mẻ hơn, “chất” hơn.\r\nNhẫn bạc midi cao cấp 925 thiết kế bằng bạc cao cấp, được làm một cách tỉ mỉ, công phu từ tay các thợ lành nghề cho nên nhẫn luôn đảm bảo được chất lượng của một chiếc nhẫn bạc ở độ sáng, độ bóng, độ đẹp. Đặc biệt sự am hiểu về nhẫn bạc midi của những người thợ khéo léo và tinh tế, sẽ tạo ra những chiếc nhẫn midi theo phong cách tối giản sang trọng chứ không phải tầm thường.\r\nNhẫn bạc midi cao cấp 925 thiết kế theo phong cách thời trang minimalism (phong cách tối giản nhưng cũng được xem là phong cách của giới siêu giàu), một phong cách luôn thịnh hành trong thời trang thế giới. Vì vậy, với chiếc nhẫn bạc cao cấp 925 bạn sẽ trở nên đơn giản nhưng không kém phần sang trọng và cuốn hút\r\nThêm một lý do đáng để bạn có chiếc nhẫn bạc midi cao cấp 925 nữa là theo phong thủy cũng như tâm linh thì đeo nhẫn bằng chất liệu trang sức bạc cao cấp đẹp nhất đồng nghĩa với việc bạn đang luôn mang trong người niềm hy vọng, niềm vui, đồng tâm nhất trí trong cuộc sống\r\n \r\n Một vài lý do thú vị trên có cho bạn ý nghĩ là phải nhanh chân tìm cho mình vài chiếc nhẫn bạc midi cao cấp 925 không?', '2021-10-12 00:00:00', '2021-10-12 00:00:00', 'product_23.png'),
(24, 6, 'R MIDI LITTLE HEART GEM 2', 250000, 0, 'Nhẫn midi bạc cao cấp được thiết kế theo phong cách tối giản sẽ giúp bạn phù hợp với mọi loại phong cách.Một tí cách điệu cho bản thân thêm độc đáo . Tại sao nhẫn thì cứ phải đeo đốt dưới cùng của ngón tay mà tại sao bạn không thử một lần chuyển lên đốt t', 1, 0, 'Nhẫn bạc midi cao cấp 925 là một sản phẩm thời trang ý nghĩa mà bạn có thể làm quà tặng cho bạn bè, người thân hoặc cho chính bản thân mình\r\n \r\nNhững lý do mà bạn nên có một vài chiếc nhẫn bạc midi cao cấp 925:\r\nNhẫn bạc midi cao cấp là một trong những xu hướng thời trang độc đáo đang được ưa chuộng trên thế giới và cả Việt Nam. Một chiếc nhẫn midi cao cấp đeo trên đốt ngón tay sẽ tạo cho bạn trở nên cá tính hơn, hợp thời trang hơn và sành điệu hơn\r\nNhẫn midi khác với một chiếc nhẫn thông thường. Nhẫn midi là một bộ nhẫn có thiết kế giống nhau nhưng kích thước có chênh lệch nhau nhằm sử dụng được trên nhiều vị trí khác nhau trên các ngón tay. Tuy nhiên, nếu nhẫn được đeo ở đốt ngón tay thứ nhất (thay vì đeo ở đốt dưới cùng như các loại nhẫn thông thường) thì sẽ trở nên sinh động hơn, đặc biệt hơn. Vì thế, nhẫn midi với cách đeo khác lạ của mình sẽ tạo cho chủ nhân một phong cách mới mẻ hơn, “chất” hơn.\r\nNhẫn bạc midi cao cấp 925 thiết kế bằng bạc cao cấp, được làm một cách tỉ mỉ, công phu từ tay các thợ lành nghề cho nên nhẫn luôn đảm bảo được chất lượng của một chiếc nhẫn bạc ở độ sáng, độ bóng, độ đẹp. Đặc biệt sự am hiểu về nhẫn bạc midi của những người thợ khéo léo và tinh tế, sẽ tạo ra những chiếc nhẫn midi theo phong cách tối giản sang trọng chứ không phải tầm thường.\r\nNhẫn bạc midi cao cấp 925 thiết kế theo phong cách thời trang minimalism (phong cách tối giản nhưng cũng được xem là phong cách của giới siêu giàu), một phong cách luôn thịnh hành trong thời trang thế giới. Vì vậy, với chiếc nhẫn bạc cao cấp 925 bạn sẽ trở nên đơn giản nhưng không kém phần sang trọng và cuốn hút\r\nThêm một lý do đáng để bạn có chiếc nhẫn bạc midi cao cấp 925 nữa là theo phong thủy cũng như tâm linh thì đeo nhẫn bằng chất liệu trang sức bạc cao cấp đẹp nhất đồng nghĩa với việc bạn đang luôn mang trong người niềm hy vọng, niềm vui, đồng tâm nhất trí trong cuộc sống\r\n \r\n Một vài lý do thú vị trên có cho bạn ý nghĩ là phải nhanh chân tìm cho mình vài chiếc nhẫn bạc midi cao cấp 925 không?', '2021-10-12 00:00:00', '2021-10-12 00:00:00', 'product_24.png'),
(25, 6, 'R MIDI DOUBLE BUTTEFLY', 450000, 0, 'Nhẫn midi bạc cao cấp được thiết kế theo phong cách tối giản sẽ giúp bạn phù hợp với mọi loại phong cách.Một tí cách điệu cho bản thân thêm độc đáo . Tại sao nhẫn thì cứ phải đeo đốt dưới cùng của ngón tay mà tại sao bạn không thử một lần chuyển lên đốt t', 1, 0, 'Nhẫn bạc midi cao cấp 925 là một sản phẩm thời trang ý nghĩa mà bạn có thể làm quà tặng cho bạn bè, người thân hoặc cho chính bản thân mình\r\n \r\nNhững lý do mà bạn nên có một vài chiếc nhẫn bạc midi cao cấp 925:\r\nNhẫn bạc midi cao cấp là một trong những xu hướng thời trang độc đáo đang được ưa chuộng trên thế giới và cả Việt Nam. Một chiếc nhẫn midi cao cấp đeo trên đốt ngón tay sẽ tạo cho bạn trở nên cá tính hơn, hợp thời trang hơn và sành điệu hơn\r\nNhẫn midi khác với một chiếc nhẫn thông thường. Nhẫn midi là một bộ nhẫn có thiết kế giống nhau nhưng kích thước có chênh lệch nhau nhằm sử dụng được trên nhiều vị trí khác nhau trên các ngón tay. Tuy nhiên, nếu nhẫn được đeo ở đốt ngón tay thứ nhất (thay vì đeo ở đốt dưới cùng như các loại nhẫn thông thường) thì sẽ trở nên sinh động hơn, đặc biệt hơn. Vì thế, nhẫn midi với cách đeo khác lạ của mình sẽ tạo cho chủ nhân một phong cách mới mẻ hơn, “chất” hơn.\r\nNhẫn bạc midi cao cấp 925 thiết kế bằng bạc cao cấp, được làm một cách tỉ mỉ, công phu từ tay các thợ lành nghề cho nên nhẫn luôn đảm bảo được chất lượng của một chiếc nhẫn bạc ở độ sáng, độ bóng, độ đẹp. Đặc biệt sự am hiểu về nhẫn bạc midi của những người thợ khéo léo và tinh tế, sẽ tạo ra những chiếc nhẫn midi theo phong cách tối giản sang trọng chứ không phải tầm thường.\r\nNhẫn bạc midi cao cấp 925 thiết kế theo phong cách thời trang minimalism (phong cách tối giản nhưng cũng được xem là phong cách của giới siêu giàu), một phong cách luôn thịnh hành trong thời trang thế giới. Vì vậy, với chiếc nhẫn bạc cao cấp 925 bạn sẽ trở nên đơn giản nhưng không kém phần sang trọng và cuốn hút\r\nThêm một lý do đáng để bạn có chiếc nhẫn bạc midi cao cấp 925 nữa là theo phong thủy cũng như tâm linh thì đeo nhẫn bằng chất liệu trang sức bạc cao cấp đẹp nhất đồng nghĩa với việc bạn đang luôn mang trong người niềm hy vọng, niềm vui, đồng tâm nhất trí trong cuộc sống\r\n \r\n Một vài lý do thú vị trên có cho bạn ý nghĩ là phải nhanh chân tìm cho mình vài chiếc nhẫn bạc midi cao cấp 925 không?', '2021-10-12 00:00:00', '2021-10-12 00:00:00', 'product_25.png'),
(26, 6, 'R MIDI OPEN LEAF', 650000, 0, 'Nhẫn midi bạc cao cấp được thiết kế theo phong cách tối giản sẽ giúp bạn phù hợp với mọi loại phong cách.Một tí cách điệu cho bản thân thêm độc đáo . Tại sao nhẫn thì cứ phải đeo đốt dưới cùng của ngón tay mà tại sao bạn không thử một lần chuyển lên đốt t', 1, 0, 'Nhẫn bạc midi cao cấp 925 là một sản phẩm thời trang ý nghĩa mà bạn có thể làm quà tặng cho bạn bè, người thân hoặc cho chính bản thân mình\r\n \r\nNhững lý do mà bạn nên có một vài chiếc nhẫn bạc midi cao cấp 925:\r\nNhẫn bạc midi cao cấp là một trong những xu hướng thời trang độc đáo đang được ưa chuộng trên thế giới và cả Việt Nam. Một chiếc nhẫn midi cao cấp đeo trên đốt ngón tay sẽ tạo cho bạn trở nên cá tính hơn, hợp thời trang hơn và sành điệu hơn\r\nNhẫn midi khác với một chiếc nhẫn thông thường. Nhẫn midi là một bộ nhẫn có thiết kế giống nhau nhưng kích thước có chênh lệch nhau nhằm sử dụng được trên nhiều vị trí khác nhau trên các ngón tay. Tuy nhiên, nếu nhẫn được đeo ở đốt ngón tay thứ nhất (thay vì đeo ở đốt dưới cùng như các loại nhẫn thông thường) thì sẽ trở nên sinh động hơn, đặc biệt hơn. Vì thế, nhẫn midi với cách đeo khác lạ của mình sẽ tạo cho chủ nhân một phong cách mới mẻ hơn, “chất” hơn.\r\nNhẫn bạc midi cao cấp 925 thiết kế bằng bạc cao cấp, được làm một cách tỉ mỉ, công phu từ tay các thợ lành nghề cho nên nhẫn luôn đảm bảo được chất lượng của một chiếc nhẫn bạc ở độ sáng, độ bóng, độ đẹp. Đặc biệt sự am hiểu về nhẫn bạc midi của những người thợ khéo léo và tinh tế, sẽ tạo ra những chiếc nhẫn midi theo phong cách tối giản sang trọng chứ không phải tầm thường.\r\nNhẫn bạc midi cao cấp 925 thiết kế theo phong cách thời trang minimalism (phong cách tối giản nhưng cũng được xem là phong cách của giới siêu giàu), một phong cách luôn thịnh hành trong thời trang thế giới. Vì vậy, với chiếc nhẫn bạc cao cấp 925 bạn sẽ trở nên đơn giản nhưng không kém phần sang trọng và cuốn hút\r\nThêm một lý do đáng để bạn có chiếc nhẫn bạc midi cao cấp 925 nữa là theo phong thủy cũng như tâm linh thì đeo nhẫn bằng chất liệu trang sức bạc cao cấp đẹp nhất đồng nghĩa với việc bạn đang luôn mang trong người niềm hy vọng, niềm vui, đồng tâm nhất trí trong cuộc sống\r\n \r\n Một vài lý do thú vị trên có cho bạn ý nghĩ là phải nhanh chân tìm cho mình vài chiếc nhẫn bạc midi cao cấp 925 không?', '2021-10-12 00:00:00', '2021-10-12 00:00:00', 'product_26.png'),
(27, 6, 'R MIDI BIG FLAT ROCK', 250000, 0, 'Nhẫn midi bạc cao cấp được thiết kế theo phong cách tối giản sẽ giúp bạn phù hợp với mọi loại phong cách.Một tí cách điệu cho bản thân thêm độc đáo . Tại sao nhẫn thì cứ phải đeo đốt dưới cùng của ngón tay mà tại sao bạn không thử một lần chuyển lên đốt t', 1, 0, 'Nhẫn bạc midi cao cấp 925 là một sản phẩm thời trang ý nghĩa mà bạn có thể làm quà tặng cho bạn bè, người thân hoặc cho chính bản thân mình\r\n \r\nNhững lý do mà bạn nên có một vài chiếc nhẫn bạc midi cao cấp 925:\r\nNhẫn bạc midi cao cấp là một trong những xu hướng thời trang độc đáo đang được ưa chuộng trên thế giới và cả Việt Nam. Một chiếc nhẫn midi cao cấp đeo trên đốt ngón tay sẽ tạo cho bạn trở nên cá tính hơn, hợp thời trang hơn và sành điệu hơn\r\nNhẫn midi khác với một chiếc nhẫn thông thường. Nhẫn midi là một bộ nhẫn có thiết kế giống nhau nhưng kích thước có chênh lệch nhau nhằm sử dụng được trên nhiều vị trí khác nhau trên các ngón tay. Tuy nhiên, nếu nhẫn được đeo ở đốt ngón tay thứ nhất (thay vì đeo ở đốt dưới cùng như các loại nhẫn thông thường) thì sẽ trở nên sinh động hơn, đặc biệt hơn. Vì thế, nhẫn midi với cách đeo khác lạ của mình sẽ tạo cho chủ nhân một phong cách mới mẻ hơn, “chất” hơn.\r\nNhẫn bạc midi cao cấp 925 thiết kế bằng bạc cao cấp, được làm một cách tỉ mỉ, công phu từ tay các thợ lành nghề cho nên nhẫn luôn đảm bảo được chất lượng của một chiếc nhẫn bạc ở độ sáng, độ bóng, độ đẹp. Đặc biệt sự am hiểu về nhẫn bạc midi của những người thợ khéo léo và tinh tế, sẽ tạo ra những chiếc nhẫn midi theo phong cách tối giản sang trọng chứ không phải tầm thường.\r\nNhẫn bạc midi cao cấp 925 thiết kế theo phong cách thời trang minimalism (phong cách tối giản nhưng cũng được xem là phong cách của giới siêu giàu), một phong cách luôn thịnh hành trong thời trang thế giới. Vì vậy, với chiếc nhẫn bạc cao cấp 925 bạn sẽ trở nên đơn giản nhưng không kém phần sang trọng và cuốn hút\r\nThêm một lý do đáng để bạn có chiếc nhẫn bạc midi cao cấp 925 nữa là theo phong thủy cũng như tâm linh thì đeo nhẫn bằng chất liệu trang sức bạc cao cấp đẹp nhất đồng nghĩa với việc bạn đang luôn mang trong người niềm hy vọng, niềm vui, đồng tâm nhất trí trong cuộc sống\r\n \r\n Một vài lý do thú vị trên có cho bạn ý nghĩ là phải nhanh chân tìm cho mình vài chiếc nhẫn bạc midi cao cấp 925 không?', '2021-10-12 00:00:00', '2021-10-12 00:00:00', 'product_27.png'),
(28, 6, 'R MIDI LIZZARD', 250000, 0, 'Nhẫn midi bạc cao cấp được thiết kế theo phong cách tối giản sẽ giúp bạn phù hợp với mọi loại phong cách.Một tí cách điệu cho bản thân thêm độc đáo . Tại sao nhẫn thì cứ phải đeo đốt dưới cùng của ngón tay mà tại sao bạn không thử một lần chuyển lên đốt t', 1, 0, 'Nhẫn bạc midi cao cấp 925 là một sản phẩm thời trang ý nghĩa mà bạn có thể làm quà tặng cho bạn bè, người thân hoặc cho chính bản thân mình\r\n \r\nNhững lý do mà bạn nên có một vài chiếc nhẫn bạc midi cao cấp 925:\r\nNhẫn bạc midi cao cấp là một trong những xu hướng thời trang độc đáo đang được ưa chuộng trên thế giới và cả Việt Nam. Một chiếc nhẫn midi cao cấp đeo trên đốt ngón tay sẽ tạo cho bạn trở nên cá tính hơn, hợp thời trang hơn và sành điệu hơn\r\nNhẫn midi khác với một chiếc nhẫn thông thường. Nhẫn midi là một bộ nhẫn có thiết kế giống nhau nhưng kích thước có chênh lệch nhau nhằm sử dụng được trên nhiều vị trí khác nhau trên các ngón tay. Tuy nhiên, nếu nhẫn được đeo ở đốt ngón tay thứ nhất (thay vì đeo ở đốt dưới cùng như các loại nhẫn thông thường) thì sẽ trở nên sinh động hơn, đặc biệt hơn. Vì thế, nhẫn midi với cách đeo khác lạ của mình sẽ tạo cho chủ nhân một phong cách mới mẻ hơn, “chất” hơn.\r\nNhẫn bạc midi cao cấp 925 thiết kế bằng bạc cao cấp, được làm một cách tỉ mỉ, công phu từ tay các thợ lành nghề cho nên nhẫn luôn đảm bảo được chất lượng của một chiếc nhẫn bạc ở độ sáng, độ bóng, độ đẹp. Đặc biệt sự am hiểu về nhẫn bạc midi của những người thợ khéo léo và tinh tế, sẽ tạo ra những chiếc nhẫn midi theo phong cách tối giản sang trọng chứ không phải tầm thường.\r\nNhẫn bạc midi cao cấp 925 thiết kế theo phong cách thời trang minimalism (phong cách tối giản nhưng cũng được xem là phong cách của giới siêu giàu), một phong cách luôn thịnh hành trong thời trang thế giới. Vì vậy, với chiếc nhẫn bạc cao cấp 925 bạn sẽ trở nên đơn giản nhưng không kém phần sang trọng và cuốn hút\r\nThêm một lý do đáng để bạn có chiếc nhẫn bạc midi cao cấp 925 nữa là theo phong thủy cũng như tâm linh thì đeo nhẫn bằng chất liệu trang sức bạc cao cấp đẹp nhất đồng nghĩa với việc bạn đang luôn mang trong người niềm hy vọng, niềm vui, đồng tâm nhất trí trong cuộc sống\r\n \r\n Một vài lý do thú vị trên có cho bạn ý nghĩ là phải nhanh chân tìm cho mình vài chiếc nhẫn bạc midi cao cấp 925 không?', '2021-10-12 00:00:00', '2021-10-12 00:00:00', 'product_28.png'),
(29, 6, 'TR FEATHER OXIDIZE', 900000, 0, 'Nhẫn midi bạc cao cấp được thiết kế theo phong cách tối giản sẽ giúp bạn phù hợp với mọi loại phong cách.Một tí cách điệu cho bản thân thêm độc đáo . Tại sao nhẫn thì cứ phải đeo đốt dưới cùng của ngón tay mà tại sao bạn không thử một lần chuyển lên đốt t', 1, 0, 'Nhẫn bạc midi cao cấp 925 là một sản phẩm thời trang ý nghĩa mà bạn có thể làm quà tặng cho bạn bè, người thân hoặc cho chính bản thân mình\r\n \r\nNhững lý do mà bạn nên có một vài chiếc nhẫn bạc midi cao cấp 925:\r\nNhẫn bạc midi cao cấp là một trong những xu hướng thời trang độc đáo đang được ưa chuộng trên thế giới và cả Việt Nam. Một chiếc nhẫn midi cao cấp đeo trên đốt ngón tay sẽ tạo cho bạn trở nên cá tính hơn, hợp thời trang hơn và sành điệu hơn\r\nNhẫn midi khác với một chiếc nhẫn thông thường. Nhẫn midi là một bộ nhẫn có thiết kế giống nhau nhưng kích thước có chênh lệch nhau nhằm sử dụng được trên nhiều vị trí khác nhau trên các ngón tay. Tuy nhiên, nếu nhẫn được đeo ở đốt ngón tay thứ nhất (thay vì đeo ở đốt dưới cùng như các loại nhẫn thông thường) thì sẽ trở nên sinh động hơn, đặc biệt hơn. Vì thế, nhẫn midi với cách đeo khác lạ của mình sẽ tạo cho chủ nhân một phong cách mới mẻ hơn, “chất” hơn.\r\nNhẫn bạc midi cao cấp 925 thiết kế bằng bạc cao cấp, được làm một cách tỉ mỉ, công phu từ tay các thợ lành nghề cho nên nhẫn luôn đảm bảo được chất lượng của một chiếc nhẫn bạc ở độ sáng, độ bóng, độ đẹp. Đặc biệt sự am hiểu về nhẫn bạc midi của những người thợ khéo léo và tinh tế, sẽ tạo ra những chiếc nhẫn midi theo phong cách tối giản sang trọng chứ không phải tầm thường.\r\nNhẫn bạc midi cao cấp 925 thiết kế theo phong cách thời trang minimalism (phong cách tối giản nhưng cũng được xem là phong cách của giới siêu giàu), một phong cách luôn thịnh hành trong thời trang thế giới. Vì vậy, với chiếc nhẫn bạc cao cấp 925 bạn sẽ trở nên đơn giản nhưng không kém phần sang trọng và cuốn hút\r\nThêm một lý do đáng để bạn có chiếc nhẫn bạc midi cao cấp 925 nữa là theo phong thủy cũng như tâm linh thì đeo nhẫn bằng chất liệu trang sức bạc cao cấp đẹp nhất đồng nghĩa với việc bạn đang luôn mang trong người niềm hy vọng, niềm vui, đồng tâm nhất trí trong cuộc sống\r\n \r\n Một vài lý do thú vị trên có cho bạn ý nghĩ là phải nhanh chân tìm cho mình vài chiếc nhẫn bạc midi cao cấp 925 không?', '2021-10-12 00:00:00', '2021-10-12 00:00:00', 'product_29.png'),
(30, 6, 'TR ONLY BIG DAISY FLOWER', 950000, 0, 'Nhẫn midi bạc cao cấp được thiết kế theo phong cách tối giản sẽ giúp bạn phù hợp với mọi loại phong cách.Một tí cách điệu cho bản thân thêm độc đáo . Tại sao nhẫn thì cứ phải đeo đốt dưới cùng của ngón tay mà tại sao bạn không thử một lần chuyển lên đốt t', 1, 0, 'Nhẫn bạc midi cao cấp 925 là một sản phẩm thời trang ý nghĩa mà bạn có thể làm quà tặng cho bạn bè, người thân hoặc cho chính bản thân mình\r\n \r\nNhững lý do mà bạn nên có một vài chiếc nhẫn bạc midi cao cấp 925:\r\nNhẫn bạc midi cao cấp là một trong những xu hướng thời trang độc đáo đang được ưa chuộng trên thế giới và cả Việt Nam. Một chiếc nhẫn midi cao cấp đeo trên đốt ngón tay sẽ tạo cho bạn trở nên cá tính hơn, hợp thời trang hơn và sành điệu hơn\r\nNhẫn midi khác với một chiếc nhẫn thông thường. Nhẫn midi là một bộ nhẫn có thiết kế giống nhau nhưng kích thước có chênh lệch nhau nhằm sử dụng được trên nhiều vị trí khác nhau trên các ngón tay. Tuy nhiên, nếu nhẫn được đeo ở đốt ngón tay thứ nhất (thay vì đeo ở đốt dưới cùng như các loại nhẫn thông thường) thì sẽ trở nên sinh động hơn, đặc biệt hơn. Vì thế, nhẫn midi với cách đeo khác lạ của mình sẽ tạo cho chủ nhân một phong cách mới mẻ hơn, “chất” hơn.\r\nNhẫn bạc midi cao cấp 925 thiết kế bằng bạc cao cấp, được làm một cách tỉ mỉ, công phu từ tay các thợ lành nghề cho nên nhẫn luôn đảm bảo được chất lượng của một chiếc nhẫn bạc ở độ sáng, độ bóng, độ đẹp. Đặc biệt sự am hiểu về nhẫn bạc midi của những người thợ khéo léo và tinh tế, sẽ tạo ra những chiếc nhẫn midi theo phong cách tối giản sang trọng chứ không phải tầm thường.\r\nNhẫn bạc midi cao cấp 925 thiết kế theo phong cách thời trang minimalism (phong cách tối giản nhưng cũng được xem là phong cách của giới siêu giàu), một phong cách luôn thịnh hành trong thời trang thế giới. Vì vậy, với chiếc nhẫn bạc cao cấp 925 bạn sẽ trở nên đơn giản nhưng không kém phần sang trọng và cuốn hút\r\nThêm một lý do đáng để bạn có chiếc nhẫn bạc midi cao cấp 925 nữa là theo phong thủy cũng như tâm linh thì đeo nhẫn bằng chất liệu trang sức bạc cao cấp đẹp nhất đồng nghĩa với việc bạn đang luôn mang trong người niềm hy vọng, niềm vui, đồng tâm nhất trí trong cuộc sống\r\n \r\n Một vài lý do thú vị trên có cho bạn ý nghĩ là phải nhanh chân tìm cho mình vài chiếc nhẫn bạc midi cao cấp 925 không?', '2021-10-12 00:00:00', '2021-10-12 00:00:00', 'product_30.png'),
(41, 7, 'R MIDI LINE HEART', 250000, 0, 'Nhẫn midi bạc cao cấp được thiết kế theo phong cách tối giản sẽ giúp bạn phù hợp với mọi loại phong cách.Một tí cách điệu cho bản thân thêm độc đáo . Tại sao nhẫn thì cứ phải đeo đốt dưới cùng của ngón tay mà tại sao bạn không thử một lần chuyển lên đốt t', 1, 0, 'Nhẫn bạc midi cao cấp 925 là một sản phẩm thời trang ý nghĩa mà bạn có thể làm quà tặng cho bạn bè, người thân hoặc cho chính bản thân mình\r\n \r\nNhững lý do mà bạn nên có một vài chiếc nhẫn bạc midi cao cấp 925:\r\nNhẫn bạc midi cao cấp là một trong những xu hướng thời trang độc đáo đang được ưa chuộng trên thế giới và cả Việt Nam. Một chiếc nhẫn midi cao cấp đeo trên đốt ngón tay sẽ tạo cho bạn trở nên cá tính hơn, hợp thời trang hơn và sành điệu hơn\r\nNhẫn midi khác với một chiếc nhẫn thông thường. Nhẫn midi là một bộ nhẫn có thiết kế giống nhau nhưng kích thước có chênh lệch nhau nhằm sử dụng được trên nhiều vị trí khác nhau trên các ngón tay. Tuy nhiên, nếu nhẫn được đeo ở đốt ngón tay thứ nhất (thay vì đeo ở đốt dưới cùng như các loại nhẫn thông thường) thì sẽ trở nên sinh động hơn, đặc biệt hơn. Vì thế, nhẫn midi với cách đeo khác lạ của mình sẽ tạo cho chủ nhân một phong cách mới mẻ hơn, “chất” hơn.\r\nNhẫn bạc midi cao cấp 925 thiết kế bằng bạc cao cấp, được làm một cách tỉ mỉ, công phu từ tay các thợ lành nghề cho nên nhẫn luôn đảm bảo được chất lượng của một chiếc nhẫn bạc ở độ sáng, độ bóng, độ đẹp. Đặc biệt sự am hiểu về nhẫn bạc midi của những người thợ khéo léo và tinh tế, sẽ tạo ra những chiếc nhẫn midi theo phong cách tối giản sang trọng chứ không phải tầm thường.\r\nNhẫn bạc midi cao cấp 925 thiết kế theo phong cách thời trang minimalism (phong cách tối giản nhưng cũng được xem là phong cách của giới siêu giàu), một phong cách luôn thịnh hành trong thời trang thế giới. Vì vậy, với chiếc nhẫn bạc cao cấp 925 bạn sẽ trở nên đơn giản nhưng không kém phần sang trọng và cuốn hút\r\nThêm một lý do đáng để bạn có chiếc nhẫn bạc midi cao cấp 925 nữa là theo phong thủy cũng như tâm linh thì đeo nhẫn bằng chất liệu trang sức bạc cao cấp đẹp nhất đồng nghĩa với việc bạn đang luôn mang trong người niềm hy vọng, niềm vui, đồng tâm nhất trí trong cuộc sống\r\n \r\n Một vài lý do thú vị trên có cho bạn ý nghĩ là phải nhanh chân tìm cho mình vài chiếc nhẫn bạc midi cao cấp 925 không?', '2021-10-12 00:00:00', '2021-10-12 00:00:00', 'product_41.png'),
(42, 7, 'R MIDI CURVE BAR GEM', 270000, 0, 'Nhẫn midi bạc cao cấp được thiết kế theo phong cách tối giản sẽ giúp bạn phù hợp với mọi loại phong cách.Một tí cách điệu cho bản thân thêm độc đáo . Tại sao nhẫn thì cứ phải đeo đốt dưới cùng của ngón tay mà tại sao bạn không thử một lần chuyển lên đốt t', 1, 1, 'Nhẫn bạc midi cao cấp 925 là một sản phẩm thời trang ý nghĩa mà bạn có thể làm quà tặng cho bạn bè, người thân hoặc cho chính bản thân mình\r\n \r\nNhững lý do mà bạn nên có một vài chiếc nhẫn bạc midi cao cấp 925:\r\nNhẫn bạc midi cao cấp là một trong những xu hướng thời trang độc đáo đang được ưa chuộng trên thế giới và cả Việt Nam. Một chiếc nhẫn midi cao cấp đeo trên đốt ngón tay sẽ tạo cho bạn trở nên cá tính hơn, hợp thời trang hơn và sành điệu hơn\r\nNhẫn midi khác với một chiếc nhẫn thông thường. Nhẫn midi là một bộ nhẫn có thiết kế giống nhau nhưng kích thước có chênh lệch nhau nhằm sử dụng được trên nhiều vị trí khác nhau trên các ngón tay. Tuy nhiên, nếu nhẫn được đeo ở đốt ngón tay thứ nhất (thay vì đeo ở đốt dưới cùng như các loại nhẫn thông thường) thì sẽ trở nên sinh động hơn, đặc biệt hơn. Vì thế, nhẫn midi với cách đeo khác lạ của mình sẽ tạo cho chủ nhân một phong cách mới mẻ hơn, “chất” hơn.\r\nNhẫn bạc midi cao cấp 925 thiết kế bằng bạc cao cấp, được làm một cách tỉ mỉ, công phu từ tay các thợ lành nghề cho nên nhẫn luôn đảm bảo được chất lượng của một chiếc nhẫn bạc ở độ sáng, độ bóng, độ đẹp. Đặc biệt sự am hiểu về nhẫn bạc midi của những người thợ khéo léo và tinh tế, sẽ tạo ra những chiếc nhẫn midi theo phong cách tối giản sang trọng chứ không phải tầm thường.\r\nNhẫn bạc midi cao cấp 925 thiết kế theo phong cách thời trang minimalism (phong cách tối giản nhưng cũng được xem là phong cách của giới siêu giàu), một phong cách luôn thịnh hành trong thời trang thế giới. Vì vậy, với chiếc nhẫn bạc cao cấp 925 bạn sẽ trở nên đơn giản nhưng không kém phần sang trọng và cuốn hút\r\nThêm một lý do đáng để bạn có chiếc nhẫn bạc midi cao cấp 925 nữa là theo phong thủy cũng như tâm linh thì đeo nhẫn bằng chất liệu trang sức bạc cao cấp đẹp nhất đồng nghĩa với việc bạn đang luôn mang trong người niềm hy vọng, niềm vui, đồng tâm nhất trí trong cuộc sống\r\n \r\n Một vài lý do thú vị trên có cho bạn ý nghĩ là phải nhanh chân tìm cho mình vài chiếc nhẫn bạc midi cao cấp 925 không?', '2021-10-12 00:00:00', '2021-10-12 00:00:00', 'product_42.png'),
(43, 7, 'R MIDI LITTLE HEART GEM 1', 300000, 0, 'Nhẫn midi bạc cao cấp được thiết kế theo phong cách tối giản sẽ giúp bạn phù hợp với mọi loại phong cách.Một tí cách điệu cho bản thân thêm độc đáo . Tại sao nhẫn thì cứ phải đeo đốt dưới cùng của ngón tay mà tại sao bạn không thử một lần chuyển lên đốt t', 1, 0, 'Nhẫn bạc midi cao cấp 925 là một sản phẩm thời trang ý nghĩa mà bạn có thể làm quà tặng cho bạn bè, người thân hoặc cho chính bản thân mình\r\n \r\nNhững lý do mà bạn nên có một vài chiếc nhẫn bạc midi cao cấp 925:\r\nNhẫn bạc midi cao cấp là một trong những xu hướng thời trang độc đáo đang được ưa chuộng trên thế giới và cả Việt Nam. Một chiếc nhẫn midi cao cấp đeo trên đốt ngón tay sẽ tạo cho bạn trở nên cá tính hơn, hợp thời trang hơn và sành điệu hơn\r\nNhẫn midi khác với một chiếc nhẫn thông thường. Nhẫn midi là một bộ nhẫn có thiết kế giống nhau nhưng kích thước có chênh lệch nhau nhằm sử dụng được trên nhiều vị trí khác nhau trên các ngón tay. Tuy nhiên, nếu nhẫn được đeo ở đốt ngón tay thứ nhất (thay vì đeo ở đốt dưới cùng như các loại nhẫn thông thường) thì sẽ trở nên sinh động hơn, đặc biệt hơn. Vì thế, nhẫn midi với cách đeo khác lạ của mình sẽ tạo cho chủ nhân một phong cách mới mẻ hơn, “chất” hơn.\r\nNhẫn bạc midi cao cấp 925 thiết kế bằng bạc cao cấp, được làm một cách tỉ mỉ, công phu từ tay các thợ lành nghề cho nên nhẫn luôn đảm bảo được chất lượng của một chiếc nhẫn bạc ở độ sáng, độ bóng, độ đẹp. Đặc biệt sự am hiểu về nhẫn bạc midi của những người thợ khéo léo và tinh tế, sẽ tạo ra những chiếc nhẫn midi theo phong cách tối giản sang trọng chứ không phải tầm thường.\r\nNhẫn bạc midi cao cấp 925 thiết kế theo phong cách thời trang minimalism (phong cách tối giản nhưng cũng được xem là phong cách của giới siêu giàu), một phong cách luôn thịnh hành trong thời trang thế giới. Vì vậy, với chiếc nhẫn bạc cao cấp 925 bạn sẽ trở nên đơn giản nhưng không kém phần sang trọng và cuốn hút\r\nThêm một lý do đáng để bạn có chiếc nhẫn bạc midi cao cấp 925 nữa là theo phong thủy cũng như tâm linh thì đeo nhẫn bằng chất liệu trang sức bạc cao cấp đẹp nhất đồng nghĩa với việc bạn đang luôn mang trong người niềm hy vọng, niềm vui, đồng tâm nhất trí trong cuộc sống\r\n \r\n Một vài lý do thú vị trên có cho bạn ý nghĩ là phải nhanh chân tìm cho mình vài chiếc nhẫn bạc midi cao cấp 925 không?', '2021-10-12 00:00:00', '2021-10-12 00:00:00', 'product_43.png'),
(44, 7, 'R MIDI LITTLE HEART GEM 2', 250000, 0, 'Nhẫn midi bạc cao cấp được thiết kế theo phong cách tối giản sẽ giúp bạn phù hợp với mọi loại phong cách.Một tí cách điệu cho bản thân thêm độc đáo . Tại sao nhẫn thì cứ phải đeo đốt dưới cùng của ngón tay mà tại sao bạn không thử một lần chuyển lên đốt t', 1, 0, 'Nhẫn bạc midi cao cấp 925 là một sản phẩm thời trang ý nghĩa mà bạn có thể làm quà tặng cho bạn bè, người thân hoặc cho chính bản thân mình\r\n \r\nNhững lý do mà bạn nên có một vài chiếc nhẫn bạc midi cao cấp 925:\r\nNhẫn bạc midi cao cấp là một trong những xu hướng thời trang độc đáo đang được ưa chuộng trên thế giới và cả Việt Nam. Một chiếc nhẫn midi cao cấp đeo trên đốt ngón tay sẽ tạo cho bạn trở nên cá tính hơn, hợp thời trang hơn và sành điệu hơn\r\nNhẫn midi khác với một chiếc nhẫn thông thường. Nhẫn midi là một bộ nhẫn có thiết kế giống nhau nhưng kích thước có chênh lệch nhau nhằm sử dụng được trên nhiều vị trí khác nhau trên các ngón tay. Tuy nhiên, nếu nhẫn được đeo ở đốt ngón tay thứ nhất (thay vì đeo ở đốt dưới cùng như các loại nhẫn thông thường) thì sẽ trở nên sinh động hơn, đặc biệt hơn. Vì thế, nhẫn midi với cách đeo khác lạ của mình sẽ tạo cho chủ nhân một phong cách mới mẻ hơn, “chất” hơn.\r\nNhẫn bạc midi cao cấp 925 thiết kế bằng bạc cao cấp, được làm một cách tỉ mỉ, công phu từ tay các thợ lành nghề cho nên nhẫn luôn đảm bảo được chất lượng của một chiếc nhẫn bạc ở độ sáng, độ bóng, độ đẹp. Đặc biệt sự am hiểu về nhẫn bạc midi của những người thợ khéo léo và tinh tế, sẽ tạo ra những chiếc nhẫn midi theo phong cách tối giản sang trọng chứ không phải tầm thường.\r\nNhẫn bạc midi cao cấp 925 thiết kế theo phong cách thời trang minimalism (phong cách tối giản nhưng cũng được xem là phong cách của giới siêu giàu), một phong cách luôn thịnh hành trong thời trang thế giới. Vì vậy, với chiếc nhẫn bạc cao cấp 925 bạn sẽ trở nên đơn giản nhưng không kém phần sang trọng và cuốn hút\r\nThêm một lý do đáng để bạn có chiếc nhẫn bạc midi cao cấp 925 nữa là theo phong thủy cũng như tâm linh thì đeo nhẫn bằng chất liệu trang sức bạc cao cấp đẹp nhất đồng nghĩa với việc bạn đang luôn mang trong người niềm hy vọng, niềm vui, đồng tâm nhất trí trong cuộc sống\r\n \r\n Một vài lý do thú vị trên có cho bạn ý nghĩ là phải nhanh chân tìm cho mình vài chiếc nhẫn bạc midi cao cấp 925 không?', '2021-10-12 00:00:00', '2021-10-12 00:00:00', 'product_44.png'),
(45, 7, 'R MIDI DOUBLE BUTTEFLY', 450000, 0, 'Nhẫn midi bạc cao cấp được thiết kế theo phong cách tối giản sẽ giúp bạn phù hợp với mọi loại phong cách.Một tí cách điệu cho bản thân thêm độc đáo . Tại sao nhẫn thì cứ phải đeo đốt dưới cùng của ngón tay mà tại sao bạn không thử một lần chuyển lên đốt t', 1, 0, 'Nhẫn bạc midi cao cấp 925 là một sản phẩm thời trang ý nghĩa mà bạn có thể làm quà tặng cho bạn bè, người thân hoặc cho chính bản thân mình\r\n \r\nNhững lý do mà bạn nên có một vài chiếc nhẫn bạc midi cao cấp 925:\r\nNhẫn bạc midi cao cấp là một trong những xu hướng thời trang độc đáo đang được ưa chuộng trên thế giới và cả Việt Nam. Một chiếc nhẫn midi cao cấp đeo trên đốt ngón tay sẽ tạo cho bạn trở nên cá tính hơn, hợp thời trang hơn và sành điệu hơn\r\nNhẫn midi khác với một chiếc nhẫn thông thường. Nhẫn midi là một bộ nhẫn có thiết kế giống nhau nhưng kích thước có chênh lệch nhau nhằm sử dụng được trên nhiều vị trí khác nhau trên các ngón tay. Tuy nhiên, nếu nhẫn được đeo ở đốt ngón tay thứ nhất (thay vì đeo ở đốt dưới cùng như các loại nhẫn thông thường) thì sẽ trở nên sinh động hơn, đặc biệt hơn. Vì thế, nhẫn midi với cách đeo khác lạ của mình sẽ tạo cho chủ nhân một phong cách mới mẻ hơn, “chất” hơn.\r\nNhẫn bạc midi cao cấp 925 thiết kế bằng bạc cao cấp, được làm một cách tỉ mỉ, công phu từ tay các thợ lành nghề cho nên nhẫn luôn đảm bảo được chất lượng của một chiếc nhẫn bạc ở độ sáng, độ bóng, độ đẹp. Đặc biệt sự am hiểu về nhẫn bạc midi của những người thợ khéo léo và tinh tế, sẽ tạo ra những chiếc nhẫn midi theo phong cách tối giản sang trọng chứ không phải tầm thường.\r\nNhẫn bạc midi cao cấp 925 thiết kế theo phong cách thời trang minimalism (phong cách tối giản nhưng cũng được xem là phong cách của giới siêu giàu), một phong cách luôn thịnh hành trong thời trang thế giới. Vì vậy, với chiếc nhẫn bạc cao cấp 925 bạn sẽ trở nên đơn giản nhưng không kém phần sang trọng và cuốn hút\r\nThêm một lý do đáng để bạn có chiếc nhẫn bạc midi cao cấp 925 nữa là theo phong thủy cũng như tâm linh thì đeo nhẫn bằng chất liệu trang sức bạc cao cấp đẹp nhất đồng nghĩa với việc bạn đang luôn mang trong người niềm hy vọng, niềm vui, đồng tâm nhất trí trong cuộc sống\r\n \r\n Một vài lý do thú vị trên có cho bạn ý nghĩ là phải nhanh chân tìm cho mình vài chiếc nhẫn bạc midi cao cấp 925 không?', '2021-10-12 00:00:00', '2021-10-12 00:00:00', 'product_45.png'),
(46, 7, 'R MIDI OPEN LEAF', 650000, 0, 'Nhẫn midi bạc cao cấp được thiết kế theo phong cách tối giản sẽ giúp bạn phù hợp với mọi loại phong cách.Một tí cách điệu cho bản thân thêm độc đáo . Tại sao nhẫn thì cứ phải đeo đốt dưới cùng của ngón tay mà tại sao bạn không thử một lần chuyển lên đốt t', 1, 0, 'Nhẫn bạc midi cao cấp 925 là một sản phẩm thời trang ý nghĩa mà bạn có thể làm quà tặng cho bạn bè, người thân hoặc cho chính bản thân mình\r\n \r\nNhững lý do mà bạn nên có một vài chiếc nhẫn bạc midi cao cấp 925:\r\nNhẫn bạc midi cao cấp là một trong những xu hướng thời trang độc đáo đang được ưa chuộng trên thế giới và cả Việt Nam. Một chiếc nhẫn midi cao cấp đeo trên đốt ngón tay sẽ tạo cho bạn trở nên cá tính hơn, hợp thời trang hơn và sành điệu hơn\r\nNhẫn midi khác với một chiếc nhẫn thông thường. Nhẫn midi là một bộ nhẫn có thiết kế giống nhau nhưng kích thước có chênh lệch nhau nhằm sử dụng được trên nhiều vị trí khác nhau trên các ngón tay. Tuy nhiên, nếu nhẫn được đeo ở đốt ngón tay thứ nhất (thay vì đeo ở đốt dưới cùng như các loại nhẫn thông thường) thì sẽ trở nên sinh động hơn, đặc biệt hơn. Vì thế, nhẫn midi với cách đeo khác lạ của mình sẽ tạo cho chủ nhân một phong cách mới mẻ hơn, “chất” hơn.\r\nNhẫn bạc midi cao cấp 925 thiết kế bằng bạc cao cấp, được làm một cách tỉ mỉ, công phu từ tay các thợ lành nghề cho nên nhẫn luôn đảm bảo được chất lượng của một chiếc nhẫn bạc ở độ sáng, độ bóng, độ đẹp. Đặc biệt sự am hiểu về nhẫn bạc midi của những người thợ khéo léo và tinh tế, sẽ tạo ra những chiếc nhẫn midi theo phong cách tối giản sang trọng chứ không phải tầm thường.\r\nNhẫn bạc midi cao cấp 925 thiết kế theo phong cách thời trang minimalism (phong cách tối giản nhưng cũng được xem là phong cách của giới siêu giàu), một phong cách luôn thịnh hành trong thời trang thế giới. Vì vậy, với chiếc nhẫn bạc cao cấp 925 bạn sẽ trở nên đơn giản nhưng không kém phần sang trọng và cuốn hút\r\nThêm một lý do đáng để bạn có chiếc nhẫn bạc midi cao cấp 925 nữa là theo phong thủy cũng như tâm linh thì đeo nhẫn bằng chất liệu trang sức bạc cao cấp đẹp nhất đồng nghĩa với việc bạn đang luôn mang trong người niềm hy vọng, niềm vui, đồng tâm nhất trí trong cuộc sống\r\n \r\n Một vài lý do thú vị trên có cho bạn ý nghĩ là phải nhanh chân tìm cho mình vài chiếc nhẫn bạc midi cao cấp 925 không?', '2021-10-12 00:00:00', '2021-10-12 00:00:00', 'product_46.png'),
(47, 7, 'R MIDI BIG FLAT ROCK', 250000, 0, 'Nhẫn midi bạc cao cấp được thiết kế theo phong cách tối giản sẽ giúp bạn phù hợp với mọi loại phong cách.Một tí cách điệu cho bản thân thêm độc đáo . Tại sao nhẫn thì cứ phải đeo đốt dưới cùng của ngón tay mà tại sao bạn không thử một lần chuyển lên đốt t', 1, 0, 'Nhẫn bạc midi cao cấp 925 là một sản phẩm thời trang ý nghĩa mà bạn có thể làm quà tặng cho bạn bè, người thân hoặc cho chính bản thân mình\r\n \r\nNhững lý do mà bạn nên có một vài chiếc nhẫn bạc midi cao cấp 925:\r\nNhẫn bạc midi cao cấp là một trong những xu hướng thời trang độc đáo đang được ưa chuộng trên thế giới và cả Việt Nam. Một chiếc nhẫn midi cao cấp đeo trên đốt ngón tay sẽ tạo cho bạn trở nên cá tính hơn, hợp thời trang hơn và sành điệu hơn\r\nNhẫn midi khác với một chiếc nhẫn thông thường. Nhẫn midi là một bộ nhẫn có thiết kế giống nhau nhưng kích thước có chênh lệch nhau nhằm sử dụng được trên nhiều vị trí khác nhau trên các ngón tay. Tuy nhiên, nếu nhẫn được đeo ở đốt ngón tay thứ nhất (thay vì đeo ở đốt dưới cùng như các loại nhẫn thông thường) thì sẽ trở nên sinh động hơn, đặc biệt hơn. Vì thế, nhẫn midi với cách đeo khác lạ của mình sẽ tạo cho chủ nhân một phong cách mới mẻ hơn, “chất” hơn.\r\nNhẫn bạc midi cao cấp 925 thiết kế bằng bạc cao cấp, được làm một cách tỉ mỉ, công phu từ tay các thợ lành nghề cho nên nhẫn luôn đảm bảo được chất lượng của một chiếc nhẫn bạc ở độ sáng, độ bóng, độ đẹp. Đặc biệt sự am hiểu về nhẫn bạc midi của những người thợ khéo léo và tinh tế, sẽ tạo ra những chiếc nhẫn midi theo phong cách tối giản sang trọng chứ không phải tầm thường.\r\nNhẫn bạc midi cao cấp 925 thiết kế theo phong cách thời trang minimalism (phong cách tối giản nhưng cũng được xem là phong cách của giới siêu giàu), một phong cách luôn thịnh hành trong thời trang thế giới. Vì vậy, với chiếc nhẫn bạc cao cấp 925 bạn sẽ trở nên đơn giản nhưng không kém phần sang trọng và cuốn hút\r\nThêm một lý do đáng để bạn có chiếc nhẫn bạc midi cao cấp 925 nữa là theo phong thủy cũng như tâm linh thì đeo nhẫn bằng chất liệu trang sức bạc cao cấp đẹp nhất đồng nghĩa với việc bạn đang luôn mang trong người niềm hy vọng, niềm vui, đồng tâm nhất trí trong cuộc sống\r\n \r\n Một vài lý do thú vị trên có cho bạn ý nghĩ là phải nhanh chân tìm cho mình vài chiếc nhẫn bạc midi cao cấp 925 không?', '2021-10-12 00:00:00', '2021-10-12 00:00:00', 'product_47.png'),
(48, 7, 'R MIDI LIZZARD', 250000, 0, 'Nhẫn midi bạc cao cấp được thiết kế theo phong cách tối giản sẽ giúp bạn phù hợp với mọi loại phong cách.Một tí cách điệu cho bản thân thêm độc đáo . Tại sao nhẫn thì cứ phải đeo đốt dưới cùng của ngón tay mà tại sao bạn không thử một lần chuyển lên đốt t', 1, 0, 'Nhẫn bạc midi cao cấp 925 là một sản phẩm thời trang ý nghĩa mà bạn có thể làm quà tặng cho bạn bè, người thân hoặc cho chính bản thân mình\r\n \r\nNhững lý do mà bạn nên có một vài chiếc nhẫn bạc midi cao cấp 925:\r\nNhẫn bạc midi cao cấp là một trong những xu hướng thời trang độc đáo đang được ưa chuộng trên thế giới và cả Việt Nam. Một chiếc nhẫn midi cao cấp đeo trên đốt ngón tay sẽ tạo cho bạn trở nên cá tính hơn, hợp thời trang hơn và sành điệu hơn\r\nNhẫn midi khác với một chiếc nhẫn thông thường. Nhẫn midi là một bộ nhẫn có thiết kế giống nhau nhưng kích thước có chênh lệch nhau nhằm sử dụng được trên nhiều vị trí khác nhau trên các ngón tay. Tuy nhiên, nếu nhẫn được đeo ở đốt ngón tay thứ nhất (thay vì đeo ở đốt dưới cùng như các loại nhẫn thông thường) thì sẽ trở nên sinh động hơn, đặc biệt hơn. Vì thế, nhẫn midi với cách đeo khác lạ của mình sẽ tạo cho chủ nhân một phong cách mới mẻ hơn, “chất” hơn.\r\nNhẫn bạc midi cao cấp 925 thiết kế bằng bạc cao cấp, được làm một cách tỉ mỉ, công phu từ tay các thợ lành nghề cho nên nhẫn luôn đảm bảo được chất lượng của một chiếc nhẫn bạc ở độ sáng, độ bóng, độ đẹp. Đặc biệt sự am hiểu về nhẫn bạc midi của những người thợ khéo léo và tinh tế, sẽ tạo ra những chiếc nhẫn midi theo phong cách tối giản sang trọng chứ không phải tầm thường.\r\nNhẫn bạc midi cao cấp 925 thiết kế theo phong cách thời trang minimalism (phong cách tối giản nhưng cũng được xem là phong cách của giới siêu giàu), một phong cách luôn thịnh hành trong thời trang thế giới. Vì vậy, với chiếc nhẫn bạc cao cấp 925 bạn sẽ trở nên đơn giản nhưng không kém phần sang trọng và cuốn hút\r\nThêm một lý do đáng để bạn có chiếc nhẫn bạc midi cao cấp 925 nữa là theo phong thủy cũng như tâm linh thì đeo nhẫn bằng chất liệu trang sức bạc cao cấp đẹp nhất đồng nghĩa với việc bạn đang luôn mang trong người niềm hy vọng, niềm vui, đồng tâm nhất trí trong cuộc sống\r\n \r\n Một vài lý do thú vị trên có cho bạn ý nghĩ là phải nhanh chân tìm cho mình vài chiếc nhẫn bạc midi cao cấp 925 không?', '2021-10-12 00:00:00', '2021-10-12 00:00:00', 'product_48.png'),
(49, 7, 'TR FEATHER OXIDIZE', 900000, 0, 'Nhẫn midi bạc cao cấp được thiết kế theo phong cách tối giản sẽ giúp bạn phù hợp với mọi loại phong cách.Một tí cách điệu cho bản thân thêm độc đáo . Tại sao nhẫn thì cứ phải đeo đốt dưới cùng của ngón tay mà tại sao bạn không thử một lần chuyển lên đốt t', 1, 0, 'Nhẫn bạc midi cao cấp 925 là một sản phẩm thời trang ý nghĩa mà bạn có thể làm quà tặng cho bạn bè, người thân hoặc cho chính bản thân mình\r\n \r\nNhững lý do mà bạn nên có một vài chiếc nhẫn bạc midi cao cấp 925:\r\nNhẫn bạc midi cao cấp là một trong những xu hướng thời trang độc đáo đang được ưa chuộng trên thế giới và cả Việt Nam. Một chiếc nhẫn midi cao cấp đeo trên đốt ngón tay sẽ tạo cho bạn trở nên cá tính hơn, hợp thời trang hơn và sành điệu hơn\r\nNhẫn midi khác với một chiếc nhẫn thông thường. Nhẫn midi là một bộ nhẫn có thiết kế giống nhau nhưng kích thước có chênh lệch nhau nhằm sử dụng được trên nhiều vị trí khác nhau trên các ngón tay. Tuy nhiên, nếu nhẫn được đeo ở đốt ngón tay thứ nhất (thay vì đeo ở đốt dưới cùng như các loại nhẫn thông thường) thì sẽ trở nên sinh động hơn, đặc biệt hơn. Vì thế, nhẫn midi với cách đeo khác lạ của mình sẽ tạo cho chủ nhân một phong cách mới mẻ hơn, “chất” hơn.\r\nNhẫn bạc midi cao cấp 925 thiết kế bằng bạc cao cấp, được làm một cách tỉ mỉ, công phu từ tay các thợ lành nghề cho nên nhẫn luôn đảm bảo được chất lượng của một chiếc nhẫn bạc ở độ sáng, độ bóng, độ đẹp. Đặc biệt sự am hiểu về nhẫn bạc midi của những người thợ khéo léo và tinh tế, sẽ tạo ra những chiếc nhẫn midi theo phong cách tối giản sang trọng chứ không phải tầm thường.\r\nNhẫn bạc midi cao cấp 925 thiết kế theo phong cách thời trang minimalism (phong cách tối giản nhưng cũng được xem là phong cách của giới siêu giàu), một phong cách luôn thịnh hành trong thời trang thế giới. Vì vậy, với chiếc nhẫn bạc cao cấp 925 bạn sẽ trở nên đơn giản nhưng không kém phần sang trọng và cuốn hút\r\nThêm một lý do đáng để bạn có chiếc nhẫn bạc midi cao cấp 925 nữa là theo phong thủy cũng như tâm linh thì đeo nhẫn bằng chất liệu trang sức bạc cao cấp đẹp nhất đồng nghĩa với việc bạn đang luôn mang trong người niềm hy vọng, niềm vui, đồng tâm nhất trí trong cuộc sống\r\n \r\n Một vài lý do thú vị trên có cho bạn ý nghĩ là phải nhanh chân tìm cho mình vài chiếc nhẫn bạc midi cao cấp 925 không?', '2021-10-12 00:00:00', '2021-10-12 00:00:00', 'product_49.png'),
(50, 7, 'TR ONLY BIG DAISY FLOWER', 950000, 0, 'Nhẫn midi bạc cao cấp được thiết kế theo phong cách tối giản sẽ giúp bạn phù hợp với mọi loại phong cách.Một tí cách điệu cho bản thân thêm độc đáo . Tại sao nhẫn thì cứ phải đeo đốt dưới cùng của ngón tay mà tại sao bạn không thử một lần chuyển lên đốt t', 1, 0, 'Nhẫn bạc midi cao cấp 925 là một sản phẩm thời trang ý nghĩa mà bạn có thể làm quà tặng cho bạn bè, người thân hoặc cho chính bản thân mình\r\n \r\nNhững lý do mà bạn nên có một vài chiếc nhẫn bạc midi cao cấp 925:\r\nNhẫn bạc midi cao cấp là một trong những xu hướng thời trang độc đáo đang được ưa chuộng trên thế giới và cả Việt Nam. Một chiếc nhẫn midi cao cấp đeo trên đốt ngón tay sẽ tạo cho bạn trở nên cá tính hơn, hợp thời trang hơn và sành điệu hơn\r\nNhẫn midi khác với một chiếc nhẫn thông thường. Nhẫn midi là một bộ nhẫn có thiết kế giống nhau nhưng kích thước có chênh lệch nhau nhằm sử dụng được trên nhiều vị trí khác nhau trên các ngón tay. Tuy nhiên, nếu nhẫn được đeo ở đốt ngón tay thứ nhất (thay vì đeo ở đốt dưới cùng như các loại nhẫn thông thường) thì sẽ trở nên sinh động hơn, đặc biệt hơn. Vì thế, nhẫn midi với cách đeo khác lạ của mình sẽ tạo cho chủ nhân một phong cách mới mẻ hơn, “chất” hơn.\r\nNhẫn bạc midi cao cấp 925 thiết kế bằng bạc cao cấp, được làm một cách tỉ mỉ, công phu từ tay các thợ lành nghề cho nên nhẫn luôn đảm bảo được chất lượng của một chiếc nhẫn bạc ở độ sáng, độ bóng, độ đẹp. Đặc biệt sự am hiểu về nhẫn bạc midi của những người thợ khéo léo và tinh tế, sẽ tạo ra những chiếc nhẫn midi theo phong cách tối giản sang trọng chứ không phải tầm thường.\r\nNhẫn bạc midi cao cấp 925 thiết kế theo phong cách thời trang minimalism (phong cách tối giản nhưng cũng được xem là phong cách của giới siêu giàu), một phong cách luôn thịnh hành trong thời trang thế giới. Vì vậy, với chiếc nhẫn bạc cao cấp 925 bạn sẽ trở nên đơn giản nhưng không kém phần sang trọng và cuốn hút\r\nThêm một lý do đáng để bạn có chiếc nhẫn bạc midi cao cấp 925 nữa là theo phong thủy cũng như tâm linh thì đeo nhẫn bằng chất liệu trang sức bạc cao cấp đẹp nhất đồng nghĩa với việc bạn đang luôn mang trong người niềm hy vọng, niềm vui, đồng tâm nhất trí trong cuộc sống\r\n \r\n Một vài lý do thú vị trên có cho bạn ý nghĩ là phải nhanh chân tìm cho mình vài chiếc nhẫn bạc midi cao cấp 925 không?', '2021-10-12 00:00:00', '2021-10-12 00:00:00', 'product_50.png'),
(52, 6, 'DAY CHUYEN CAO CAO ', 800000, 0, 'Mua sản phẩm mặt dây chuyền bạc đính đá pnjsilver xmxmk000055 trên pnj.com.vn. ✓ Chất lượng cao, uy tín, giá tốt ✓ Chính hãng ✓ Giao hàng toàn quốc', 1, 0, 'Những ai yêu thích sự trẻ trung, hiện đại và quyến rũ của những viên đá lấp lánh thì chiếc mặt dây chuyền này chính là sự lựa chọn tuyệt vời nhất. Khoác lên mình thiết kế hiện đại mix cùng mẫu đá CZ, mặt dây là điểm nhấn phong cách giúp các cô gái trở nên nổi bật và thu hút sự chú ý trong mắt của người thương.', '2021-10-12 00:00:00', '2021-10-12 00:00:00', 'day-chuyen-bac.png');

-- --------------------------------------------------------

--
-- Cấu trúc bảng cho bảng `slides`
--

CREATE TABLE `slides` (
  `id` int(11) NOT NULL,
  `img` varchar(255) COLLATE utf8_unicode_ci NOT NULL
) ENGINE=InnoDB DEFAULT CHARSET=utf8 COLLATE=utf8_unicode_ci;

--
-- Đang đổ dữ liệu cho bảng `slides`
--

INSERT INTO `slides` (`id`, `img`) VALUES
(1, 'slider_1.png'),
(2, 'slider_2.png'),
(3, 'slider_3.png'),
(4, 'slider_4.png');

-- --------------------------------------------------------

--
-- Cấu trúc bảng cho bảng `user`
--

CREATE TABLE `user` (
  `id` bigint(11) NOT NULL,
  `firstname` varchar(255) COLLATE utf8_unicode_ci NOT NULL,
  `lastname` varchar(255) COLLATE utf8_unicode_ci NOT NULL,
  `email` varchar(255) COLLATE utf8_unicode_ci NOT NULL,
  `password` varchar(255) COLLATE utf8_unicode_ci NOT NULL,
  `address` text COLLATE utf8_unicode_ci NOT NULL,
  `role` int(11) NOT NULL DEFAULT 1,
  `active` int(11) NOT NULL DEFAULT 1
) ENGINE=InnoDB DEFAULT CHARSET=utf8 COLLATE=utf8_unicode_ci;

--
-- Đang đổ dữ liệu cho bảng `user`
--

INSERT INTO `user` (`id`, `firstname`, `lastname`, `email`, `password`, `address`, `role`, `active`) VALUES
(6, '\0bbb', 'aaa', 'aaa@gmail.com', '$2a$12$.cNOhgoDcQL2BiJTPcu6T.bJfNlWKUecoi42aIHDl6HIvPEXZN3I6', 'null', 1, 0),
(7, '\0abc', 'abc', 'abc@gmail.com', '$2a$12$1x8tTHj.j.Dr78b0gwFAT.9HJwBG3IijLPmmDkd9i1S19rwHM6QS2', 'null', 1, 1),
(8, '\0luong', 'van sang', 'luongsang010@gmail.com', '$2a$12$LcQgmqoM1jtClFlri3GL7uDVWc4KTWiN.cuurRhXR9GYBqlYkWG.O', 'null', 1, 1),
(20, 'admin', 'admin', 'admin@gmail.com', '$2a$12$LcQgmqoM1jtClFlri3GL7uDVWc4KTWiN.cuurRhXR9GYBqlYkWG.O', '', 0, 1),
(21, 'Thu', 'Minh', 'minhthu@gmail.com', '$2a$12$CHBCapHOzqCUULC1IX/Q..XjPaxT5zRFKmSiuAlDHnE.PMOi.33.C', 'null', 1, 1),
(22, 'Cong Phuong', 'Nguyen', 'congphuong@gmail.com', '$2a$12$l8FDdAf2JkbLUZRb8KbUG.sK9eVrRLd18gB2EGjifQYEKhzB1sCii', 'null', 1, 1),
(27, 'Tiến Linh', 'Nguyễn', 'ntlinh022@gmail.com', '$2a$12$B5eChF2iMQrESc3f34y/E.cBbYxDvlYu4QI9HUzUCVIGQF7ilnRwK', 'null', 1, 1),
(28, 'Sang', 'Lương Văn', 'luongsang010s@gmail.com', '$2a$12$w6RgSkUkvanazpLX11mkTOMSKuDFwY5S0dvYYeuzjHweaHPSruq6.', 'null', 1, 1);

--
-- Chỉ mục cho các bảng đã đổ
--

--
-- Chỉ mục cho bảng `bill`
--
ALTER TABLE `bill`
  ADD PRIMARY KEY (`id`);

--
-- Chỉ mục cho bảng `billdetail`
--
ALTER TABLE `billdetail`
  ADD PRIMARY KEY (`id`);

--
-- Chỉ mục cho bảng `categories`
--
ALTER TABLE `categories`
  ADD PRIMARY KEY (`id`);

--
-- Chỉ mục cho bảng `products`
--
ALTER TABLE `products`
  ADD PRIMARY KEY (`id`),
  ADD KEY `id_category` (`id_category`);

--
-- Chỉ mục cho bảng `slides`
--
ALTER TABLE `slides`
  ADD PRIMARY KEY (`id`);

--
-- Chỉ mục cho bảng `user`
--
ALTER TABLE `user`
  ADD PRIMARY KEY (`id`);

--
-- AUTO_INCREMENT cho các bảng đã đổ
--

--
-- AUTO_INCREMENT cho bảng `bill`
--
ALTER TABLE `bill`
  MODIFY `id` bigint(20) NOT NULL AUTO_INCREMENT, AUTO_INCREMENT=24;

--
-- AUTO_INCREMENT cho bảng `billdetail`
--
ALTER TABLE `billdetail`
  MODIFY `id` bigint(20) NOT NULL AUTO_INCREMENT, AUTO_INCREMENT=31;

--
-- AUTO_INCREMENT cho bảng `categories`
--
ALTER TABLE `categories`
  MODIFY `id` int(11) NOT NULL AUTO_INCREMENT, AUTO_INCREMENT=12;

--
-- AUTO_INCREMENT cho bảng `products`
--
ALTER TABLE `products`
  MODIFY `id` bigint(20) NOT NULL AUTO_INCREMENT, AUTO_INCREMENT=60;

--
-- AUTO_INCREMENT cho bảng `slides`
--
ALTER TABLE `slides`
  MODIFY `id` int(11) NOT NULL AUTO_INCREMENT, AUTO_INCREMENT=5;

--
-- AUTO_INCREMENT cho bảng `user`
--
ALTER TABLE `user`
  MODIFY `id` bigint(11) NOT NULL AUTO_INCREMENT, AUTO_INCREMENT=29;
COMMIT;

/*!40101 SET CHARACTER_SET_CLIENT=@OLD_CHARACTER_SET_CLIENT */;
/*!40101 SET CHARACTER_SET_RESULTS=@OLD_CHARACTER_SET_RESULTS */;
/*!40101 SET COLLATION_CONNECTION=@OLD_COLLATION_CONNECTION */;
